PRAGMA foreign_keys=OFF;
BEGIN TRANSACTION;
CREATE TABLE "conversions" ("id" INTEGER PRIMARY KEY AUTOINCREMENT NOT NULL, "measure_a_id" integer, "measure_b_id" integer, "created_at" datetime, "updated_at" datetime, "quantity" decimal(8,2));
INSERT INTO "conversions" VALUES(1,1,2,'2014-03-28 15:55:21.548529','2014-03-28 15:55:21.548529',4);
INSERT INTO "conversions" VALUES(2,1,3,'2014-03-28 15:55:21.565826','2014-03-28 15:55:21.565826',8);
INSERT INTO "conversions" VALUES(3,1,4,'2014-03-28 15:55:21.582291','2014-03-28 15:55:21.582291',16);
INSERT INTO "conversions" VALUES(4,1,5,'2014-03-28 15:55:21.598890','2014-03-28 15:55:21.598890',128);
INSERT INTO "conversions" VALUES(5,1,8,'2014-03-28 15:55:21.613913','2014-03-28 15:55:21.613913',3.78541);
INSERT INTO "conversions" VALUES(6,2,3,'2014-03-28 15:55:21.629379','2014-03-28 15:55:21.629379',2);
INSERT INTO "conversions" VALUES(7,2,4,'2014-03-28 15:55:21.645391','2014-03-28 15:55:21.645391',4);
INSERT INTO "conversions" VALUES(8,2,5,'2014-03-28 15:55:21.660747','2014-03-28 15:55:21.660747',32);
INSERT INTO "conversions" VALUES(9,2,8,'2014-03-28 15:55:21.690867','2014-03-28 15:55:21.690867',0.96);
INSERT INTO "conversions" VALUES(10,3,4,'2014-03-28 15:55:21.710053','2014-03-28 15:55:21.710053',2);
INSERT INTO "conversions" VALUES(11,3,5,'2014-03-28 15:55:21.725427','2014-03-28 15:55:21.725427',16);
INSERT INTO "conversions" VALUES(12,3,8,'2014-03-28 15:55:21.750159','2014-03-28 15:55:21.750159',0.48);
INSERT INTO "conversions" VALUES(13,4,5,'2014-03-28 15:55:21.768134','2014-03-28 15:55:21.768134',8);
INSERT INTO "conversions" VALUES(14,4,6,'2014-03-28 15:55:21.791577','2014-03-28 15:55:21.791577',16);
INSERT INTO "conversions" VALUES(15,4,8,'2014-03-28 15:55:21.809796','2014-03-28 15:55:21.809796',0.238588);
INSERT INTO "conversions" VALUES(16,5,6,'2014-03-28 15:55:21.825288','2014-03-28 15:55:21.825288',2);
INSERT INTO "conversions" VALUES(17,5,8,'2014-03-28 15:55:21.850423','2014-03-28 15:55:21.850423',0.03);
INSERT INTO "conversions" VALUES(18,6,7,'2014-03-28 15:55:21.867832','2014-03-28 15:55:21.867832',3);
INSERT INTO "conversions" VALUES(19,7,8,'2014-03-28 15:55:21.883748','2014-03-28 15:55:21.883748',0.005);
INSERT INTO "conversions" VALUES(20,9,10,'2014-03-28 15:55:21.901449','2014-03-28 15:55:21.901449',16);
INSERT INTO "conversions" VALUES(21,9,11,'2014-03-28 15:55:21.924946','2014-03-28 15:55:21.924946',453.592);
CREATE TABLE "invoices" ("id" INTEGER PRIMARY KEY AUTOINCREMENT NOT NULL, "number" varchar(255), "invoice_date" date, "vendor_id" integer, "created_at" datetime, "updated_at" datetime, "total" decimal);
INSERT INTO "invoices" VALUES(5,'514178','2013-05-02',2,'2014-03-28 18:00:08.604164','2014-03-28 19:01:05.224754',159.93);
INSERT INTO "invoices" VALUES(6,'514184','2013-05-02',2,'2014-03-28 20:33:38.310638','2014-03-28 20:33:38.310638',344.87);
INSERT INTO "invoices" VALUES(8,'1009509','2013-06-20',2,'2014-03-28 20:57:10.592379','2014-04-01 19:43:46.478126',123.81);
INSERT INTO "invoices" VALUES(9,'304290105','2013-04-29',3,'2014-03-28 21:11:39.194850','2014-03-28 21:52:00.882811',550.3);
INSERT INTO "invoices" VALUES(10,'1032','2013-05-21',4,'2014-03-29 02:52:25.724289','2014-03-29 02:52:25.724289',76.25);
INSERT INTO "invoices" VALUES(11,'1033','2013-05-29',4,'2014-03-29 02:59:37.585576','2014-03-29 02:59:37.585576',214.5);
INSERT INTO "invoices" VALUES(12,'1040','2013-06-03',4,'2014-03-29 03:30:34.828828','2014-03-29 03:30:34.828828',159.5);
INSERT INTO "invoices" VALUES(13,'492423','2013-04-25',1,'2014-03-29 19:13:28.610022','2014-03-29 19:13:28.610022',143.59);
INSERT INTO "invoices" VALUES(14,'494200','2013-05-02',1,'2014-04-01 13:12:23.889845','2014-04-02 04:16:32.660538',324.97);
INSERT INTO "invoices" VALUES(15,'494234','2013-05-02',1,'2014-04-01 13:56:20.241855','2014-04-01 13:56:20.241855',5.42);
INSERT INTO "invoices" VALUES(16,'494298','2013-05-02',1,'2014-04-01 13:57:57.120710','2014-04-01 13:57:57.120710',22.08);
INSERT INTO "invoices" VALUES(17,'494607','2013-05-03',1,'2014-04-01 14:03:39.431021','2014-04-01 14:04:53.761281',100.55);
INSERT INTO "invoices" VALUES(18,'494716','2013-05-03',1,'2014-04-01 14:07:55.692068','2014-04-01 14:07:55.692068',4.72);
INSERT INTO "invoices" VALUES(19,'496361','2013-05-09',1,'2014-04-01 14:28:01.440322','2014-04-02 04:15:04.597538',691.74);
INSERT INTO "invoices" VALUES(20,'496834','2013-05-10',1,'2014-04-01 18:11:09.038390','2014-04-02 03:56:35.929805',10.2);
INSERT INTO "invoices" VALUES(21,'496866','2013-05-10',1,'2014-04-01 18:53:52.557954','2014-04-01 18:53:52.557954',244.74);
INSERT INTO "invoices" VALUES(22,'498302','2013-05-16',1,'2014-04-01 19:01:34.759099','2014-04-01 19:01:34.759099',237.97);
INSERT INTO "invoices" VALUES(23,'498825','2013-05-17',1,'2014-04-01 19:03:58.654672','2014-04-01 19:03:58.654672',30.67);
INSERT INTO "invoices" VALUES(24,'498834','2013-05-17',1,'2014-04-01 19:09:31.308055','2014-04-01 19:09:31.308055',140.82);
INSERT INTO "invoices" VALUES(25,'500447','2013-05-23',1,'2014-04-01 19:22:24.059828','2014-04-01 19:22:24.059828',474.35);
INSERT INTO "invoices" VALUES(26,'1009535','2013-06-20',2,'2014-04-01 19:47:43.885197','2014-04-02 02:57:13.547965',1264.22);
INSERT INTO "invoices" VALUES(27,'1010015','2013-06-25',2,'2014-04-02 02:59:59.677855','2014-04-02 03:00:23.097399',319.47);
INSERT INTO "invoices" VALUES(28,'1010283','2013-06-27',2,'2014-04-02 03:05:45.945164','2014-04-02 03:05:45.945164',331.47);
INSERT INTO "invoices" VALUES(29,'1010303','2013-06-27',2,'2014-04-02 03:58:16.886597','2014-04-02 03:58:16.886597',123.18);
INSERT INTO "invoices" VALUES(30,'514767','2013-05-09',2,'2014-04-02 04:07:38.820743','2014-04-02 04:07:38.820743',977.57);
INSERT INTO "invoices" VALUES(31,'305011541','2013-05-01',3,'2014-04-03 03:22:08.169507','2014-04-03 03:22:08.169507',36.96);
INSERT INTO "invoices" VALUES(32,'305020162','2013-05-02',3,'2014-04-03 03:48:49.014969','2014-04-03 03:48:49.014969',770.84);
INSERT INTO "invoices" VALUES(33,'6344','2013-04-29',9,'2014-04-03 13:29:27.554422','2014-04-03 13:29:27.554422',475.04);
INSERT INTO "invoices" VALUES(34,'6430','2013-05-09',9,'2014-04-03 13:30:48.363866','2014-04-03 13:30:48.363866',133.88);
INSERT INTO "invoices" VALUES(35,'6578','2013-05-22',9,'2014-04-03 13:32:02.341650','2014-04-03 13:32:02.341650',99.68);
INSERT INTO "invoices" VALUES(36,'6747','2013-05-30',9,'2014-04-03 13:32:49.075375','2014-04-03 13:32:49.075375',321.9);
INSERT INTO "invoices" VALUES(37,'6969','2013-06-12',9,'2014-04-03 13:33:47.530163','2014-04-03 13:33:47.530163',320.45);
INSERT INTO "invoices" VALUES(38,'7013','2013-06-14',9,'2014-04-03 13:34:24.406041','2014-04-03 13:34:24.406041',185.38);
INSERT INTO "invoices" VALUES(39,'7087','2013-06-19',9,'2014-04-03 13:34:56.797581','2014-04-03 13:34:56.797581',180.72);
INSERT INTO "invoices" VALUES(40,'7216','2013-06-25',9,'2014-04-03 13:36:00.290257','2014-04-03 13:36:00.290257',43.44);
CREATE TABLE "measures" ("id" INTEGER PRIMARY KEY AUTOINCREMENT NOT NULL, "name" varchar(255), "abbreviation" varchar(255), "created_at" datetime, "updated_at" datetime, "measure_type" boolean, "volume_weight" integer, "english_metric" integer, "custom" integer);
INSERT INTO "measures" VALUES(1,'Gallon','gal','2014-03-28 15:55:21.273542','2014-03-28 15:55:21.273542',NULL,0,0,NULL);
INSERT INTO "measures" VALUES(2,'Quart','qt','2014-03-28 15:55:21.290777','2014-03-28 15:55:21.290777',NULL,0,0,NULL);
INSERT INTO "measures" VALUES(3,'Pint','pt','2014-03-28 15:55:21.305398','2014-03-28 15:55:21.305398',NULL,0,0,NULL);
INSERT INTO "measures" VALUES(4,'Cup','c','2014-03-28 15:55:21.317354','2014-03-28 15:55:21.317354',NULL,0,0,NULL);
INSERT INTO "measures" VALUES(5,'Ounce (vol)','oz','2014-03-28 15:55:21.339713','2014-03-28 15:55:21.339713',NULL,0,0,NULL);
INSERT INTO "measures" VALUES(6,'Tablespoon','tbsp','2014-03-28 15:55:21.353632','2014-03-28 15:55:21.353632',NULL,0,0,NULL);
INSERT INTO "measures" VALUES(7,'Teaspoon','tsp','2014-03-28 15:55:21.365896','2014-03-28 15:55:21.365896',NULL,0,0,NULL);
INSERT INTO "measures" VALUES(8,'Liter','L','2014-03-28 15:55:21.398413','2014-03-28 15:55:21.398413',NULL,0,1,NULL);
INSERT INTO "measures" VALUES(9,'Pound','lb','2014-03-28 15:55:21.415370','2014-03-28 15:55:21.415370',NULL,1,0,NULL);
INSERT INTO "measures" VALUES(10,'Ounce (wt)','oz','2014-03-28 15:55:21.432760','2014-03-28 15:55:21.432760',NULL,1,0,NULL);
INSERT INTO "measures" VALUES(11,'gram','g','2014-03-28 15:55:21.456022','2014-03-28 15:55:21.456022',NULL,0,1,NULL);
INSERT INTO "measures" VALUES(12,'Count','cnt','2014-03-28 20:36:01.431029','2014-03-28 20:36:01.431029',NULL,0,0,NULL);
CREATE TABLE "menu_items" ("id" INTEGER PRIMARY KEY AUTOINCREMENT NOT NULL, "title" varchar(255), "price" decimal, "margin" decimal, "created_at" datetime, "updated_at" datetime, "recipe_id" integer);
CREATE TABLE "vendors" ("id" INTEGER PRIMARY KEY AUTOINCREMENT NOT NULL, "name" varchar(255), "address_1" varchar(255), "address_2" varchar(255), "address_city" varchar(255), "address_state" varchar(255), "address_postal_code" varchar(255), "created_at" datetime, "updated_at" datetime);
INSERT INTO "vendors" VALUES(1,'Badger Wholesale','1111 Cedar Street','','Green Bay','WI','54305','2014-03-28 15:55:12.799250','2014-03-29 18:58:59.189153');
INSERT INTO "vendors" VALUES(2,'Empire Fish',NULL,NULL,NULL,NULL,NULL,'2014-03-28 15:55:12.892060','2014-03-28 15:55:12.892060');
INSERT INTO "vendors" VALUES(3,'Sysco','One Sysco Drive','','Jackson','WI','53037','2014-03-28 15:55:12.906162','2014-03-29 18:34:10.695806');
INSERT INTO "vendors" VALUES(4,'Spring Creek Gardens','','','','','','2014-03-29 02:47:00.682714','2014-03-29 02:47:00.682714');
INSERT INTO "vendors" VALUES(5,'Melotte Distributing, Inc','PO Box 982','','Green Bay','WI','54305-0982','2014-04-03 13:21:38.514451','2014-04-03 13:21:38.514451');
INSERT INTO "vendors" VALUES(6,'Mink River Farms','','','','','','2014-04-03 13:22:23.106531','2014-04-03 13:22:23.106531');
INSERT INTO "vendors" VALUES(7,'Schoolhouse Cheeses','1822 Highview Rd','','Ellison Bay','WI','54210','2014-04-03 13:23:05.378916','2014-04-03 13:23:05.378916');
INSERT INTO "vendors" VALUES(8,'Underground Meats','931 E. Main St','Suite 17','Madison','WI','53703','2014-04-03 13:24:21.193665','2014-04-03 13:24:21.193665');
INSERT INTO "vendors" VALUES(9,'Waseda Farms','7281 Logerquist Road','','Baileys Harbor','WI','54202','2014-04-03 13:25:01.269327','2014-04-03 13:25:01.269327');
CREATE TABLE "schema_migrations" ("version" varchar(255) NOT NULL);
INSERT INTO "schema_migrations" VALUES('20140304134950');
INSERT INTO "schema_migrations" VALUES('20140228202242');
INSERT INTO "schema_migrations" VALUES('20140228201743');
INSERT INTO "schema_migrations" VALUES('20140228202732');
INSERT INTO "schema_migrations" VALUES('20140228201713');
INSERT INTO "schema_migrations" VALUES('20140228202415');
INSERT INTO "schema_migrations" VALUES('20140228201610');
INSERT INTO "schema_migrations" VALUES('20140301164516');
INSERT INTO "schema_migrations" VALUES('20140228201959');
INSERT INTO "schema_migrations" VALUES('20140301173306');
INSERT INTO "schema_migrations" VALUES('20140228195429');
INSERT INTO "schema_migrations" VALUES('20140228195333');
INSERT INTO "schema_migrations" VALUES('20140228201640');
INSERT INTO "schema_migrations" VALUES('20140301172631');
INSERT INTO "schema_migrations" VALUES('20140304064221');
INSERT INTO "schema_migrations" VALUES('20140301171119');
INSERT INTO "schema_migrations" VALUES('20140325004054');
INSERT INTO "schema_migrations" VALUES('20140325005422');
INSERT INTO "schema_migrations" VALUES('20140325011313');
INSERT INTO "schema_migrations" VALUES('20140325150454');
INSERT INTO "schema_migrations" VALUES('20140325150714');
INSERT INTO "schema_migrations" VALUES('20140328191650');
INSERT INTO "schema_migrations" VALUES('20140329140550');
INSERT INTO "schema_migrations" VALUES('20140401195804');
INSERT INTO "schema_migrations" VALUES('20140403023812');
INSERT INTO "schema_migrations" VALUES('20140403025544');
CREATE TABLE "invoice_ingredients" ("id" INTEGER PRIMARY KEY AUTOINCREMENT NOT NULL, "invoice_id" integer, "ingredient_id" integer, "measure_id" integer, "qty_ordered" decimal, "price" decimal, "extended" decimal, "created_at" datetime, "updated_at" datetime, "qty_shipped" decimal, "brand" varchar(255), "item_number" varchar(255), "vendor_number" varchar(255), "description" text, "unit" varchar(255), "pack" decimal, "pack_qty" decimal, "pack_size" decimal, "cost_basis" integer);
INSERT INTO "invoice_ingredients" VALUES(2,2,1,1,1,55,55,'2014-03-25 18:15:31.978762','2014-03-25 18:15:31.978762',1,NULL,NULL,NULL,'Hooks','EA',NULL,NULL,NULL,NULL);
INSERT INTO "invoice_ingredients" VALUES(3,3,1,1,1,5,5,'2014-03-26 01:36:33.231094','2014-03-26 01:36:33.231094',1,NULL,NULL,NULL,'','CS',NULL,NULL,NULL,NULL);
INSERT INTO "invoice_ingredients" VALUES(4,4,1545,275,1,50,50,'2014-03-27 20:55:46.003672','2014-03-27 20:55:46.003672',1,NULL,NULL,NULL,'','PC',NULL,NULL,NULL,NULL);
INSERT INTO "invoice_ingredients" VALUES(5,5,6,5,1,62.99,62.99,'2014-03-28 18:00:09.726920','2014-04-02 04:01:16.582463',1,'',NULL,'941309','Goat Cheese Logs','CS',NULL,12,10.5,0);
INSERT INTO "invoice_ingredients" VALUES(6,5,5,9,1,8.49,45,'2014-03-28 19:01:05.336741','2014-04-02 04:01:16.586757',1,'Sarvecchio',NULL,'941268','Parmesan ','PC',NULL,1,5.3,1);
INSERT INTO "invoice_ingredients" VALUES(7,5,7,9,1,7.99,51.94,'2014-03-28 19:01:05.341732','2014-04-02 04:01:16.589161',1,'Hook''s',NULL,'941300','Blue','PC',NULL,1,6.5,1);
INSERT INTO "invoice_ingredients" VALUES(8,6,233,12,25,77.99,33.54,'2014-03-28 20:33:38.424695','2014-04-02 04:00:28.682887',0.43,'',NULL,'8590','Lot 18','CS',NULL,1,60,0);
INSERT INTO "invoice_ingredients" VALUES(9,6,259,12,25,86.49,21.62,'2014-03-28 20:33:38.439983','2014-04-02 04:00:28.689409',0.25,'',NULL,'8912','Lot 36','PC',NULL,1,100,0);
INSERT INTO "invoice_ingredients" VALUES(10,6,229,12,25,98.74,24.69,'2014-03-28 20:33:38.443977','2014-04-02 04:00:28.692674',0.25,'',NULL,'12164','','PC',NULL,1,100,0);
INSERT INTO "invoice_ingredients" VALUES(11,6,285,9,1,15.34,122.72,'2014-03-28 20:33:38.445576','2014-04-02 04:00:28.697646',1,'',NULL,'11462','','BAG',NULL,1,8,1);
INSERT INTO "invoice_ingredients" VALUES(12,6,284,9,1,2.69,26.9,'2014-03-28 20:33:38.452537','2014-04-02 04:00:28.699524',1,'',NULL,'12259','Farmed-Canada (PEI)','BAG',NULL,1,10,1);
INSERT INTO "invoice_ingredients" VALUES(13,6,260,9,10,10.99,115.4,'2014-03-28 20:33:38.457894','2014-04-02 04:00:28.707475',10,'',NULL,'11325','Loin, Skin-on, Wild','CS',NULL,1,10.5,1);
INSERT INTO "invoice_ingredients" VALUES(14,7,260,9,1,10.99,137.16,'2014-03-28 20:44:52.807415','2014-03-28 20:44:52.807415',1,'',NULL,'11325','Loin, skin-on, Wild USA','BAG',NULL,12.48,1,NULL);
INSERT INTO "invoice_ingredients" VALUES(15,7,247,12,50,61.99,51.45,'2014-03-28 20:44:52.809086','2014-03-28 20:44:52.809086',50,'',NULL,'12127','Farmed Canada (Pacific) Cortez Island','PC',NULL,0.83,60,NULL);
INSERT INTO "invoice_ingredients" VALUES(16,7,229,12,50,98.99,49.5,'2014-03-28 20:44:52.811536','2014-03-28 20:44:52.811536',50,'',NULL,'12164','Farmed-USA','PC',NULL,0.5,100,NULL);
INSERT INTO "invoice_ingredients" VALUES(17,7,284,9,1,2.69,26.9,'2014-03-28 20:44:52.817305','2014-03-28 20:44:52.817305',1,'',NULL,'12259','Icy Blue Fresh PEI','BAG',NULL,10,1,NULL);
INSERT INTO "invoice_ingredients" VALUES(18,8,187,9,10,5.29,54.91,'2014-03-28 20:57:10.680249','2014-04-01 19:43:46.483947',10.38,'',NULL,'400510','Rib Chopped Frenched','EA',NULL,1,1,NULL);
INSERT INTO "invoice_ingredients" VALUES(19,8,194,9,10,6.89,68.9,'2014-03-28 20:57:10.682821','2014-04-01 19:43:46.491970',10,'Nueske''s',NULL,'835110','Applewood Smoked, Sliced','EA',NULL,1,1,NULL);
INSERT INTO "invoice_ingredients" VALUES(20,9,2,9,1,83.85,83.85,'2014-03-28 21:11:39.237126','2014-04-02 19:10:55.177873',1,'Wholefarm',NULL,'5926910','','CS',NULL,36,1,0);
INSERT INTO "invoice_ingredients" VALUES(21,9,5,9,1,22.92,22.92,'2014-03-28 21:11:39.241511','2014-04-02 19:10:55.181238',1,'Sartori',NULL,'7256560','','PC',NULL,5,1,0);
INSERT INTO "invoice_ingredients" VALUES(22,9,11,9,1,13.93,13.93,'2014-03-28 21:11:39.247657','2014-04-02 19:10:55.183857',1,'Wholefarm',NULL,'5021093','Cultured Grade A','CS',NULL,5,1,0);
INSERT INTO "invoice_ingredients" VALUES(23,9,10,5,1,23.39,23.39,'2014-03-28 21:11:39.253054','2014-04-02 19:10:55.186322',1,'Wholefarm',NULL,'4825884','Half & Half','CS',NULL,12,32,0);
INSERT INTO "invoice_ingredients" VALUES(24,9,18,12,1,15.76,15.76,'2014-03-28 21:11:39.257751','2014-04-02 19:10:55.188621',1,'',NULL,'2105823','Grade AA','CS',NULL,15,12,0);
INSERT INTO "invoice_ingredients" VALUES(25,9,205,9,1,74.65,74.65,'2014-03-28 21:11:39.262412','2014-04-02 19:10:55.190893',1,'',NULL,'6344790','Jumbo','CS',NULL,4,10,0);
INSERT INTO "invoice_ingredients" VALUES(26,9,216,9,1,72.92,72.92,'2014-03-28 21:11:39.265244','2014-04-02 19:10:55.193470',1,'',NULL,'5949128','Frozen','CS',NULL,1,16,0);
INSERT INTO "invoice_ingredients" VALUES(27,9,113,5,1,9.95,9.95,'2014-03-28 21:37:33.283607','2014-04-02 19:10:55.195932',1,'Arezzio',NULL,'5975289','Chopped in Water','PC',NULL,1,32,0);
INSERT INTO "invoice_ingredients" VALUES(28,9,320,9,1,16.8,16.8,'2014-03-28 21:37:33.301278','2014-04-02 19:10:55.198427',1,'Sysco',NULL,'4361432','Pure Clover Grade A','PC',NULL,1,5,0);
INSERT INTO "invoice_ingredients" VALUES(29,9,338,5,1,7.7,7.7,'2014-03-28 21:37:33.303553','2014-04-02 19:10:55.200649',1,'Arezzio',NULL,'5974944','Prepared','PC',NULL,1,32,0);
INSERT INTO "invoice_ingredients" VALUES(30,9,334,1,1,42.66,42.66,'2014-03-28 21:37:33.308062','2014-04-02 19:10:55.202735',1,'Sysco',NULL,'4983920','Preparred','CS',NULL,4,1,0);
INSERT INTO "invoice_ingredients" VALUES(31,9,315,5,1,8.9,8.9,'2014-03-28 21:37:33.310326','2014-04-02 19:10:55.204814',1,'',NULL,'5228465','','PC',NULL,1,30,0);
INSERT INTO "invoice_ingredients" VALUES(32,9,70,12,1,39.87,39.87,'2014-03-28 21:50:25.422896','2014-04-02 19:10:55.206986',1,'',NULL,'2252039','','CS',NULL,140,1,0);
INSERT INTO "invoice_ingredients" VALUES(33,9,137,9,1,19.88,19.88,'2014-03-28 21:50:25.424945','2014-04-02 19:10:55.209087',1,'',NULL,'3827029','Mixed','CS',NULL,3,1,0);
INSERT INTO "invoice_ingredients" VALUES(34,9,115,9,1,19.6,19.6,'2014-03-28 21:50:25.426383','2014-04-02 19:10:55.211314',1,'',NULL,'1094721','Yellow','CS',NULL,1,50,0);
INSERT INTO "invoice_ingredients" VALUES(35,9,87,12,2,12.98,25.96,'2014-03-28 21:50:25.427646','2014-04-02 19:10:55.213740',2,'',NULL,'1049071','','CS',NULL,1,100,0);
INSERT INTO "invoice_ingredients" VALUES(36,9,84,9,1,24.7,24.7,'2014-03-28 21:50:25.428819','2014-04-02 19:10:55.215939',1,'',NULL,'1254051','','CS',NULL,1,50,0);
INSERT INTO "invoice_ingredients" VALUES(37,9,59,9,1,26.86,26.86,'2014-03-28 21:50:25.429663','2014-04-02 19:10:55.218395',1,'',NULL,'1763440','','CS',NULL,1,50,0);
INSERT INTO "invoice_ingredients" VALUES(38,10,59,9,1,3,30,'2014-03-29 02:52:25.855390','2014-03-29 02:52:25.855390',1,'',NULL,'','','CS',NULL,10,1,NULL);
INSERT INTO "invoice_ingredients" VALUES(39,10,57,9,1,3,30,'2014-03-29 02:52:25.859253','2014-03-29 02:52:25.859253',1,'',NULL,'','','CS',NULL,10,1,NULL);
INSERT INTO "invoice_ingredients" VALUES(40,10,91,9,1,3.25,16.25,'2014-03-29 02:52:25.860776','2014-03-29 02:52:25.860776',1,'',NULL,'','','CS',NULL,5,1,NULL);
INSERT INTO "invoice_ingredients" VALUES(41,11,59,9,1,3,60,'2014-03-29 02:59:37.710728','2014-03-29 03:25:13.648297',1,'',NULL,'','','',NULL,20,1,NULL);
INSERT INTO "invoice_ingredients" VALUES(42,11,57,9,1,3,30,'2014-03-29 02:59:37.818629','2014-03-29 03:25:13.721406',1,'',NULL,'','','',NULL,10,1,NULL);
INSERT INTO "invoice_ingredients" VALUES(43,11,91,9,1,3.25,84.5,'2014-03-29 02:59:37.836444','2014-03-29 03:25:13.723902',1,'',NULL,'','','',NULL,26,1,NULL);
INSERT INTO "invoice_ingredients" VALUES(44,11,133,9,1,8,40,'2014-03-29 02:59:37.889220','2014-03-29 03:25:13.725757',1,'',NULL,'','','',NULL,5,1,NULL);
INSERT INTO "invoice_ingredients" VALUES(45,12,59,9,1,3,60,'2014-03-29 03:30:34.856253','2014-03-29 03:30:34.856253',1,'',NULL,'','','CS',NULL,20,1,NULL);
INSERT INTO "invoice_ingredients" VALUES(46,12,91,9,1,3.25,32.5,'2014-03-29 03:30:34.867455','2014-03-29 03:30:34.867455',1,'',NULL,'','','CS',NULL,10,1,NULL);
INSERT INTO "invoice_ingredients" VALUES(47,12,105,9,1,4,20,'2014-03-29 03:30:34.873560','2014-03-29 03:30:34.873560',1,'',NULL,'','','CS',NULL,5,1,NULL);
INSERT INTO "invoice_ingredients" VALUES(48,12,77,12,1,2.5,40,'2014-03-29 03:30:34.875997','2014-03-29 03:30:34.875997',1,'',NULL,'','','CS',NULL,16,1,NULL);
INSERT INTO "invoice_ingredients" VALUES(49,12,102,9,1,3.5,7,'2014-03-29 03:30:34.877639','2014-03-29 03:30:34.877639',1,'',NULL,'','','CS',NULL,2,1,NULL);
INSERT INTO "invoice_ingredients" VALUES(50,13,113,9,1,16.2,16.2,'2014-03-29 19:13:28.938735','2014-03-29 19:13:28.938735',1,'',NULL,'3962750','Peeled','EA',NULL,1,5,NULL);
INSERT INTO "invoice_ingredients" VALUES(51,13,38,12,1,33.6,33.6,'2014-03-29 19:13:28.944378','2014-03-29 19:13:28.944378',1,'',NULL,'3958352','','CS',NULL,1,50,NULL);
INSERT INTO "invoice_ingredients" VALUES(52,13,115,9,1,8.94,8.94,'2014-03-29 19:13:28.956066','2014-03-29 19:13:28.956066',1,'',NULL,'3960004','','CS',NULL,1,5,NULL);
INSERT INTO "invoice_ingredients" VALUES(53,13,321,1,1,14.69,14.69,'2014-03-29 19:13:28.959382','2014-03-29 19:13:28.959382',1,'',NULL,'4309655','','CS',NULL,6,1,NULL);
INSERT INTO "invoice_ingredients" VALUES(54,13,318,5,1,7.83,7.83,'2014-03-29 19:13:28.967781','2014-03-29 19:13:28.967781',1,'',NULL,'4382495','','EA',NULL,1,18,NULL);
INSERT INTO "invoice_ingredients" VALUES(55,13,28,5,1,5.85,5.85,'2014-03-29 19:13:28.972334','2014-03-29 19:13:28.972334',1,'',NULL,'4364915','','EA',NULL,1,5,NULL);
INSERT INTO "invoice_ingredients" VALUES(56,13,323,1,1,30.85,30.85,'2014-03-29 19:13:28.976023','2014-03-29 19:13:28.976023',1,'',NULL,'4308955','','CS',NULL,4,1,NULL);
INSERT INTO "invoice_ingredients" VALUES(57,13,308,9,1,25.63,25.63,'2014-03-29 19:13:28.980616','2014-03-29 19:13:28.980616',1,'',NULL,'4509089','','CS',NULL,1,25,NULL);
INSERT INTO "invoice_ingredients" VALUES(59,14,55,3,1,20.94,20.94,'2014-04-01 13:13:19.093685','2014-04-02 04:16:32.664463',1,'',NULL,'3962503','','CS',NULL,12,1,0);
INSERT INTO "invoice_ingredients" VALUES(60,14,4,9,1,32.61,32.61,'2014-04-01 13:17:44.204268','2014-04-02 04:16:32.667510',1,'',NULL,'3121255','','CS',NULL,1,10,0);
INSERT INTO "invoice_ingredients" VALUES(61,14,60,12,2,5.4,10.8,'2014-04-01 13:17:44.208660','2014-04-02 04:16:32.670041',2,'Driscoll''s',NULL,'3956574','Tray','CS',NULL,1,100,0);
INSERT INTO "invoice_ingredients" VALUES(62,14,66,12,1,3.88,3.88,'2014-04-01 13:17:44.211838','2014-04-02 04:16:32.672185',1,'',NULL,'3955861','','EA',NULL,5,1,0);
INSERT INTO "invoice_ingredients" VALUES(63,14,62,3,1,4.86,4.86,'2014-04-01 13:17:44.215043','2014-04-02 04:16:32.673294',1,'',NULL,'3954501','','CS',NULL,1,1,0);
INSERT INTO "invoice_ingredients" VALUES(64,14,69,12,1,5.4,5.4,'2014-04-01 13:30:21.443164','2014-04-02 04:16:32.674385',1,'',NULL,'3955557','','CS',NULL,6,1,0);
INSERT INTO "invoice_ingredients" VALUES(65,14,29,9,1,9.54,9.54,'2014-04-01 13:30:21.447382','2014-04-02 04:19:36.755232',1,'',NULL,'3961910','','CS',NULL,1,1,0);
INSERT INTO "invoice_ingredients" VALUES(66,14,85,9,10,2.328,23.28,'2014-04-01 13:31:13.017863','2014-04-02 04:16:32.679429',10,'',NULL,'3961040','','CS',NULL,1,1,0);
INSERT INTO "invoice_ingredients" VALUES(67,14,76,9,2,3.375,6.75,'2014-04-01 13:35:24.121231','2014-04-02 04:16:32.681874',2,'',NULL,'3957701','','EA',NULL,1,5,0);
INSERT INTO "invoice_ingredients" VALUES(68,14,116,5,3,5.7,17.1,'2014-04-01 13:35:24.124783','2014-04-02 04:16:32.683349',3,'',NULL,'3957208','','CS',NULL,1,4,0);
INSERT INTO "invoice_ingredients" VALUES(69,14,120,12,6,1.2,7.2,'2014-04-01 13:39:09.276147','2014-04-02 04:16:32.684567',6,'',NULL,'3958153','','CS',NULL,1,1,0);
INSERT INTO "invoice_ingredients" VALUES(70,14,21,5,2,5.64,11.28,'2014-04-01 13:39:09.279689','2014-04-02 04:16:32.686954',2,'',NULL,'3958153','','CS',NULL,1,4,0);
INSERT INTO "invoice_ingredients" VALUES(71,14,23,5,2,5.64,11.28,'2014-04-01 13:39:09.282922','2014-04-02 04:16:32.689414',2,'',NULL,'3957156','','CS',NULL,1,4,0);
INSERT INTO "invoice_ingredients" VALUES(72,14,27,9,1,7.2,7.2,'2014-04-01 13:39:09.286216','2014-04-02 04:16:32.690674',1,'',NULL,'3960612','','CS',NULL,1,1,0);
INSERT INTO "invoice_ingredients" VALUES(73,14,20,5,4,1.92,7.68,'2014-04-01 13:39:09.289786','2014-04-02 04:16:32.693025',4,'',NULL,'3960612','','CS',NULL,1,4,0);
INSERT INTO "invoice_ingredients" VALUES(74,14,24,5,4,1.99,7.96,'2014-04-01 13:39:09.293378','2014-04-02 04:16:32.694154',4,'',NULL,'3958092','','CS',NULL,1,4,0);
INSERT INTO "invoice_ingredients" VALUES(75,14,96,9,5,3.59,17.95,'2014-04-01 13:45:11.610726','2014-04-02 04:16:32.697150',5,'',NULL,'3957953','','CS',NULL,1,1,0);
INSERT INTO "invoice_ingredients" VALUES(76,14,61,3,1,5.34,5.34,'2014-04-01 13:45:11.613982','2014-04-02 04:16:32.698847',1,'',NULL,'3955558','','CS',NULL,1,0.5,0);
INSERT INTO "invoice_ingredients" VALUES(77,14,38,12,1,33.6,33.6,'2014-04-01 13:45:11.615803','2014-04-02 04:16:32.701729',1,'',NULL,'3958352','','CS',NULL,1,50,0);
INSERT INTO "invoice_ingredients" VALUES(78,14,37,12,6,1.74,10.44,'2014-04-01 13:45:11.619371','2014-04-02 04:16:32.703049',6,'',NULL,'3954485','Hass','CS',NULL,1,1,0);
INSERT INTO "invoice_ingredients" VALUES(79,14,127,12,1,10.14,10.14,'2014-04-01 13:45:11.622897','2014-04-02 04:16:32.705721',1,'',NULL,'3957313','','CS',NULL,1,7,0);
INSERT INTO "invoice_ingredients" VALUES(80,14,90,9,4,3.0525,12.21,'2014-04-01 13:45:11.626279','2014-04-02 04:16:32.710126',4,'',NULL,'3961403','','CS',NULL,1,1,0);
INSERT INTO "invoice_ingredients" VALUES(81,14,128,12,1,12.6,12.6,'2014-04-01 13:45:11.630127','2014-04-02 04:16:32.711354',1,'',NULL,'3957909','','EA',NULL,1,4,0);
INSERT INTO "invoice_ingredients" VALUES(82,14,74,9,1,58.49,0,'2014-04-01 13:45:11.633281','2014-04-02 04:16:32.714086',0,'',NULL,'3957820','','CS',NULL,1,20,0);
INSERT INTO "invoice_ingredients" VALUES(83,14,75,9,5,2.7,13.5,'2014-04-01 13:53:48.185045','2014-04-02 04:16:32.715363',5,'',NULL,'3957821','','CS',NULL,1,1,0);
INSERT INTO "invoice_ingredients" VALUES(84,14,332,1,1,11.53,11.53,'2014-04-01 13:53:48.240727','2014-04-02 04:16:32.717510',1,'',NULL,'4342770','','EA',NULL,1,1,0);
INSERT INTO "invoice_ingredients" VALUES(85,14,373,9,1,9.9,9.9,'2014-04-01 13:53:48.245779','2014-04-02 04:16:32.718613',1,'',NULL,'3961851','','CS',NULL,1,3,0);
INSERT INTO "invoice_ingredients" VALUES(86,15,9,9,1,5.42,5.42,'2014-04-01 13:56:20.246840','2014-04-01 13:56:20.246840',1,'',NULL,'3123502','','EA',NULL,1,3,NULL);
INSERT INTO "invoice_ingredients" VALUES(87,16,9,12,2,11.04,22.08,'2014-04-01 13:57:57.126248','2014-04-01 13:57:57.126248',2,'',NULL,'3960711','','CS',NULL,1,6,NULL);
INSERT INTO "invoice_ingredients" VALUES(88,17,94,12,2,4.26,8.52,'2014-04-01 14:03:39.434328','2014-04-01 14:03:39.434328',2,'',NULL,'3958040','','CS',NULL,1,1,NULL);
INSERT INTO "invoice_ingredients" VALUES(89,17,98,12,1,9.45,9.45,'2014-04-01 14:03:39.437404','2014-04-01 14:04:53.763244',1,'',NULL,'3958055','','EA',NULL,1,6,NULL);
INSERT INTO "invoice_ingredients" VALUES(90,17,47,9,1,6.29,6.29,'2014-04-01 14:03:39.440737','2014-04-01 14:03:39.440737',1,'',NULL,'3960710','','CS',NULL,1,1,NULL);
INSERT INTO "invoice_ingredients" VALUES(91,17,74,9,1,58.49,58.49,'2014-04-01 14:03:39.442776','2014-04-01 14:03:39.442776',1,'',NULL,'3957820','','CS',NULL,1,20,NULL);
INSERT INTO "invoice_ingredients" VALUES(92,17,25,5,2,4.98,9.96,'2014-04-01 14:03:39.446045','2014-04-01 14:04:53.764889',2,'',NULL,'3957215','','CS',NULL,1,4,NULL);
INSERT INTO "invoice_ingredients" VALUES(93,17,374,5,1,7.84,7.84,'2014-04-01 14:04:53.771996','2014-04-01 14:04:53.771996',1,'',NULL,'4700100','','EA',NULL,1,13,NULL);
INSERT INTO "invoice_ingredients" VALUES(94,18,77,9,4,1.18,4.72,'2014-04-01 14:07:55.695881','2014-04-01 14:07:55.695881',4,'',NULL,'3961604','','EA',NULL,1,1,NULL);
INSERT INTO "invoice_ingredients" VALUES(95,19,204,9,1,5.18,60.61,'2014-04-01 14:28:01.449700','2014-04-02 04:15:04.602286',1,'',NULL,'2052640','Single Lobe','CS',NULL,1,11.7,1);
INSERT INTO "invoice_ingredients" VALUES(96,19,84,9,1,35.1,35.1,'2014-04-01 14:30:49.721102','2014-04-02 04:15:04.605066',1,'',NULL,'3961307','','CS',NULL,1,50,0);
INSERT INTO "invoice_ingredients" VALUES(97,19,62,3,3,4.86,14.58,'2014-04-01 14:35:01.085260','2014-04-02 04:15:04.607411',3,'',NULL,'3954501','','CS',NULL,1,1,0);
INSERT INTO "invoice_ingredients" VALUES(98,19,69,12,4,5.4,21.6,'2014-04-01 14:35:01.088184','2014-04-02 04:15:04.610214',4,'',NULL,'3955557','','CS',NULL,6,1,0);
INSERT INTO "invoice_ingredients" VALUES(99,19,85,9,15,2.33,34.95,'2014-04-01 14:35:01.091625','2014-04-02 04:15:04.612748',15,'',NULL,'3961040','','CS',NULL,1,1,0);
INSERT INTO "invoice_ingredients" VALUES(100,19,76,9,2,3.38,6.76,'2014-04-01 14:35:01.130676','2014-04-02 04:15:04.615482',2,'',NULL,'3957701','','EA',NULL,1,5,0);
INSERT INTO "invoice_ingredients" VALUES(101,19,94,12,3,4.26,12.78,'2014-04-01 14:35:01.132721','2014-04-02 04:15:04.617021',3,'',NULL,'3958040','','CS',NULL,1,1,0);
INSERT INTO "invoice_ingredients" VALUES(102,19,116,5,2,5.7,11.4,'2014-04-01 14:35:01.134503','2014-04-02 04:15:04.619720',2,'',NULL,'3957208','','CS',NULL,1,4,0);
INSERT INTO "invoice_ingredients" VALUES(103,19,120,12,12,1.2,14.4,'2014-04-01 14:35:01.136722','2014-04-02 04:15:04.621032',12,'',NULL,'3958153','','CS',NULL,1,1,0);
INSERT INTO "invoice_ingredients" VALUES(104,19,24,5,6,1.99,11.94,'2014-04-01 14:35:01.138762','2014-04-02 04:15:04.625080',6,'',NULL,'3958092','','CS',NULL,1,4,0);
INSERT INTO "invoice_ingredients" VALUES(105,19,375,9,1,3.96,3.96,'2014-04-01 18:05:13.127462','2014-04-02 04:15:04.627974',1,'',NULL,'3958063','','CS',NULL,1,1,0);
INSERT INTO "invoice_ingredients" VALUES(106,19,113,9,1,71.39,71.39,'2014-04-01 18:05:13.130806','2014-04-02 04:15:04.631497',1,'',NULL,'3958602','','CS',NULL,1,30,0);
INSERT INTO "invoice_ingredients" VALUES(107,19,106,12,12,2.82,33.84,'2014-04-01 18:05:13.133839','2014-04-02 04:15:04.635311',12,'',NULL,'3957500','Baby','CS',NULL,1,1,0);
INSERT INTO "invoice_ingredients" VALUES(108,19,61,3,3,5.34,16.02,'2014-04-01 18:05:13.135670','2014-04-02 04:15:04.638109',3,'',NULL,'3955558','','CS',NULL,1,0.5,0);
INSERT INTO "invoice_ingredients" VALUES(109,19,82,9,2,3.3,6.6,'2014-04-01 18:05:13.138701','2014-04-02 04:15:04.640797',2,'',NULL,'3957261','','CS',NULL,1,1,0);
INSERT INTO "invoice_ingredients" VALUES(110,19,127,12,1,10.14,10.14,'2014-04-01 18:05:13.142286','2014-04-02 04:15:04.643385',1,'',NULL,'3957313','','CS',NULL,1,7,0);
INSERT INTO "invoice_ingredients" VALUES(111,19,90,9,5,3.05,15.25,'2014-04-01 18:05:13.145716','2014-04-02 04:15:04.646605',5,'',NULL,'3961403','','CS',NULL,1,1,0);
INSERT INTO "invoice_ingredients" VALUES(112,19,373,9,1,9.9,9.9,'2014-04-01 18:05:13.147847','2014-04-02 04:15:04.648097',1,'',NULL,'3961851','','CS',NULL,1,3,0);
INSERT INTO "invoice_ingredients" VALUES(113,19,68,12,1,51.59,51.59,'2014-04-01 18:05:13.151399','2014-04-02 04:15:04.651817',1,'',NULL,'3954401','','CS',NULL,4,25,0);
INSERT INTO "invoice_ingredients" VALUES(114,19,128,12,1,12.6,12.6,'2014-04-01 18:05:13.153551','2014-04-02 04:15:04.654673',1,'',NULL,'3957909','','EA',NULL,1,4,0);
INSERT INTO "invoice_ingredients" VALUES(115,19,75,9,10,2.7,27,'2014-04-01 18:05:13.156084','2014-04-02 04:15:04.656040',10,'',NULL,'3957821','','CS',NULL,1,1,0);
INSERT INTO "invoice_ingredients" VALUES(116,19,47,9,2,6.29,12.58,'2014-04-01 18:05:13.190916','2014-04-02 04:15:04.658573',2,'',NULL,'3960710','','CS',NULL,1,1,0);
INSERT INTO "invoice_ingredients" VALUES(117,19,15,1,1,4.69,4.69,'2014-04-01 18:05:13.194923','2014-04-02 04:15:04.661146',1,'',NULL,'3086905','','EA',NULL,1,2,0);
INSERT INTO "invoice_ingredients" VALUES(118,19,46,9,1,2.82,2.82,'2014-04-01 18:05:13.198036','2014-04-02 04:15:04.664082',1,'',NULL,'3960804','','CS',NULL,1,1,0);
INSERT INTO "invoice_ingredients" VALUES(119,19,353,5,3,3.63,10.89,'2014-04-01 18:05:13.201033','2014-04-02 04:15:04.666791',3,'',NULL,'4532651','','EA',NULL,1,42,0);
INSERT INTO "invoice_ingredients" VALUES(120,19,303,11,1,21.68,21.68,'2014-04-01 18:05:13.204261','2014-04-02 04:15:04.669670',1,'',NULL,'4700253','','EA',NULL,1,2000,0);
INSERT INTO "invoice_ingredients" VALUES(121,19,318,5,1,7.83,7.83,'2014-04-01 18:05:13.206313','2014-04-02 04:15:04.672301',1,'',NULL,'4382495','','EA',NULL,1,18,0);
INSERT INTO "invoice_ingredients" VALUES(122,19,336,9,1,19.5,19.5,'2014-04-01 18:05:13.209336','2014-04-02 04:15:04.674796',1,'',NULL,'4700456','','EA',NULL,1,11,0);
INSERT INTO "invoice_ingredients" VALUES(123,19,376,9,5,18.22,91.1,'2014-04-01 18:05:13.212282','2014-04-02 04:15:04.678121',5,'',NULL,'4560111','','CS',NULL,1,1,0);
INSERT INTO "invoice_ingredients" VALUES(124,19,377,5,1,7.44,7.44,'2014-04-01 18:05:13.215170','2014-04-02 04:15:04.682668',1,'',NULL,'4700211','','EA',NULL,1,32,0);
INSERT INTO "invoice_ingredients" VALUES(125,19,379,9,1,30.8,30.8,'2014-04-01 18:05:13.236027','2014-04-02 04:15:04.685494',1,'',NULL,'4567913','','CS',NULL,1,5,0);
INSERT INTO "invoice_ingredients" VALUES(126,20,109,9,1,10.2,10.2,'2014-04-01 18:11:09.043643','2014-04-01 18:11:09.043643',1,'',NULL,'3959153','','CS',NULL,1,6,NULL);
INSERT INTO "invoice_ingredients" VALUES(127,21,85,9,10,2.328,23.28,'2014-04-01 18:53:52.563745','2014-04-02 03:34:45.529217',10,'',NULL,'3961040','','CS',NULL,1,1,0);
INSERT INTO "invoice_ingredients" VALUES(128,21,54,9,1,24.3,24.3,'2014-04-01 18:53:52.568502','2014-04-02 03:34:45.532900',1,'',NULL,'3962669','','CS',NULL,1,24,0);
INSERT INTO "invoice_ingredients" VALUES(129,21,96,9,10,3.588,35.88,'2014-04-01 18:53:52.572001','2014-04-02 03:34:45.535382',10,'',NULL,'3957953','','CS',NULL,1,1,0);
INSERT INTO "invoice_ingredients" VALUES(130,21,111,9,6,2.7,16.2,'2014-04-01 18:53:52.575197','2014-04-02 03:34:45.537757',6,'',NULL,'3959425','','CS',NULL,1,6,0);
INSERT INTO "invoice_ingredients" VALUES(131,21,37,12,24,1.74,41.76,'2014-04-01 18:53:52.577310','2014-04-02 03:34:45.540504',24,'',NULL,'3954485','Hass','CS',NULL,1,1,0);
INSERT INTO "invoice_ingredients" VALUES(132,21,47,9,1,6.83,6.83,'2014-04-01 18:53:52.581061','2014-04-02 03:34:45.542770',1,'',NULL,'3960710','','CS',NULL,1,1,0);
INSERT INTO "invoice_ingredients" VALUES(133,21,361,9,1,19.27,19.27,'2014-04-01 18:53:52.584312','2014-04-02 03:34:45.545006',1,'',NULL,'4509303','','CS',NULL,2,25,0);
INSERT INTO "invoice_ingredients" VALUES(134,21,304,9,1,26.55,26.55,'2014-04-01 18:53:52.588089','2014-04-02 03:34:45.547322',1,'',NULL,'4273405','','EA',NULL,6,10,0);
INSERT INTO "invoice_ingredients" VALUES(135,21,308,9,1,25.63,25.63,'2014-04-01 18:53:52.590032','2014-04-02 03:34:45.550408',1,'',NULL,'4509089','','CS',NULL,1,25,0);
INSERT INTO "invoice_ingredients" VALUES(136,21,323,1,1,0,0,'2014-04-01 18:53:52.593495','2014-04-02 03:34:45.552916',0,'',NULL,'4308955','','CS',NULL,4,1,0);
INSERT INTO "invoice_ingredients" VALUES(137,21,323,1,3,8.3466,25.04,'2014-04-01 18:53:52.596498','2014-04-02 03:34:45.555586',3,'',NULL,'4308955','','EA',NULL,1,1,0);
INSERT INTO "invoice_ingredients" VALUES(138,22,204,9,1,65.83,65.83,'2014-04-01 19:01:34.762818','2014-04-02 03:14:50.654575',1,'',NULL,'2052640','Single Lobe','CS',NULL,1,12.7,0);
INSERT INTO "invoice_ingredients" VALUES(139,22,55,3,1,26.4,26.4,'2014-04-01 19:01:34.766335','2014-04-02 03:14:50.657973',1,'',NULL,'3962503','','CS',NULL,12,1,0);
INSERT INTO "invoice_ingredients" VALUES(140,22,380,9,1,19.5,19.5,'2014-04-01 19:01:34.769397','2014-04-02 03:14:50.660567',1,'',NULL,'3960309','Jumbo','CS',NULL,1,50,0);
INSERT INTO "invoice_ingredients" VALUES(141,22,76,9,4,3.25,13,'2014-04-01 19:01:34.772639','2014-04-02 03:14:50.662887',4,'',NULL,'3957701','','EA',NULL,1,5,0);
INSERT INTO "invoice_ingredients" VALUES(142,22,120,12,12,1.2,14.4,'2014-04-01 19:01:34.774543','2014-04-02 03:14:50.665108',12,'',NULL,'3958153','','CS',NULL,1,1,0);
INSERT INTO "invoice_ingredients" VALUES(143,22,27,9,1,7.2,7.2,'2014-04-01 19:01:34.776598','2014-04-02 03:14:50.667369',1,'',NULL,'3957207','','',NULL,1,1,0);
INSERT INTO "invoice_ingredients" VALUES(144,22,25,5,2,4.98,9.96,'2014-04-01 19:01:34.779338','2014-04-02 03:17:14.864249',2,'',NULL,'3957215','','CS',NULL,1,4,0);
INSERT INTO "invoice_ingredients" VALUES(145,22,373,9,1,9.9,9.9,'2014-04-01 19:01:34.782017','2014-04-02 03:14:50.672396',1,'',NULL,'3961851','','CS',NULL,1,3,0);
INSERT INTO "invoice_ingredients" VALUES(146,22,128,12,1,12.13,12.13,'2014-04-01 19:01:34.785542','2014-04-02 03:14:50.674673',1,'',NULL,'3957909','','EA',NULL,1,4,0);
INSERT INTO "invoice_ingredients" VALUES(147,22,28,9,1,11.7,11.7,'2014-04-01 19:01:34.788771','2014-04-02 03:14:50.677185',1,'',NULL,'3957212','','CS',NULL,1,1,0);
INSERT INTO "invoice_ingredients" VALUES(148,22,320,9,1,18.8,18.8,'2014-04-01 19:01:34.792225','2014-04-02 03:14:50.679946',1,'Unipro',NULL,'4521506','','EA',NULL,1,5,0);
INSERT INTO "invoice_ingredients" VALUES(149,22,331,1,1,13.01,13.01,'2014-04-01 19:01:34.827197','2014-04-02 03:14:50.682276',1,'',NULL,'4521258','White Crystal','EA',NULL,1,1,0);
INSERT INTO "invoice_ingredients" VALUES(150,22,318,5,1,8.48,8.48,'2014-04-01 19:01:34.830510','2014-04-02 03:14:50.684585',1,'',NULL,'4382495','','EA',NULL,1,18,0);
INSERT INTO "invoice_ingredients" VALUES(151,22,382,5,1,7.66,7.66,'2014-04-01 19:01:34.833627','2014-04-02 03:14:50.686777',1,'',NULL,'4389205','','EA',NULL,1,16,0);
INSERT INTO "invoice_ingredients" VALUES(152,23,383,9,5,3.99,19.95,'2014-04-01 19:03:58.658229','2014-04-01 19:03:58.658229',5,'MARCHESE',NULL,'3957288','','CS',NULL,1,1,NULL);
INSERT INTO "invoice_ingredients" VALUES(153,23,323,1,1,10.72,10.72,'2014-04-01 19:03:58.661533','2014-04-01 19:03:58.661533',1,'',NULL,'4810002','','EA',NULL,1,1,NULL);
INSERT INTO "invoice_ingredients" VALUES(154,24,77,9,2,14.7,29.4,'2014-04-01 19:09:31.311541','2014-04-01 19:09:31.311541',2,'',NULL,'3961604','','CS',NULL,14,1,NULL);
INSERT INTO "invoice_ingredients" VALUES(155,24,60,12,1,5.4,5.4,'2014-04-01 19:09:31.313633','2014-04-01 19:09:31.313633',1,'Driscoll''s',NULL,'3956574','Tray','CS',NULL,1,100,NULL);
INSERT INTO "invoice_ingredients" VALUES(156,24,62,3,1,5.34,5.34,'2014-04-01 19:09:31.318737','2014-04-01 19:09:31.318737',1,'',NULL,'3954501','','CS',NULL,1,0.5,NULL);
INSERT INTO "invoice_ingredients" VALUES(157,24,70,12,4,5.1,20.4,'2014-04-01 19:09:31.322138','2014-04-01 19:09:31.322138',4,'',NULL,'3955458','','CS',NULL,1,6,NULL);
INSERT INTO "invoice_ingredients" VALUES(158,24,24,5,3,1.99,5.97,'2014-04-01 19:09:31.324058','2014-04-01 19:09:31.324058',3,'',NULL,'3958092','','CS',NULL,1,4,NULL);
INSERT INTO "invoice_ingredients" VALUES(159,24,61,3,1,5.34,5.34,'2014-04-01 19:09:31.326054','2014-04-01 19:09:31.326054',1,'',NULL,'3955558','','CS',NULL,1,0.5,NULL);
INSERT INTO "invoice_ingredients" VALUES(160,24,82,9,2,3.3,6.6,'2014-04-01 19:09:31.327967','2014-04-01 19:09:31.327967',2,'',NULL,'3957261','','CS',NULL,1,1,NULL);
INSERT INTO "invoice_ingredients" VALUES(161,24,91,9,1,40.8,40.8,'2014-04-01 19:09:31.331341','2014-04-01 19:09:31.331341',1,'',NULL,'3957116','','CS',NULL,1,11,NULL);
INSERT INTO "invoice_ingredients" VALUES(162,24,384,9,1,16.8,16.8,'2014-04-01 19:09:31.335733','2014-04-01 19:09:31.335733',1,'Marchese',NULL,'3961710','','CS',NULL,1,4,NULL);
INSERT INTO "invoice_ingredients" VALUES(163,24,385,10,1,4.77,4.77,'2014-04-01 19:09:31.338825','2014-04-01 19:09:31.338825',1,'',NULL,'4364246','','EA',NULL,1,12,NULL);
INSERT INTO "invoice_ingredients" VALUES(164,25,204,9,2,5.3634,143.74,'2014-04-01 19:22:24.063749','2014-04-02 04:13:24.723241',2,'',NULL,'2052640','Single Lobe','CS',NULL,1,26.8,1);
INSERT INTO "invoice_ingredients" VALUES(165,25,29,9,1,9.54,9.54,'2014-04-01 19:22:24.067229','2014-04-02 04:13:24.726255',1,'',NULL,'3961910','','CS',NULL,1,1,0);
INSERT INTO "invoice_ingredients" VALUES(166,25,85,9,10,2.328,23.28,'2014-04-01 19:22:24.069887','2014-04-02 01:58:31.944110',10,'',NULL,'3961040','','CS',NULL,1,1,0);
INSERT INTO "invoice_ingredients" VALUES(167,25,76,9,1,3.25,3.25,'2014-04-01 19:22:24.071859','2014-04-02 01:58:31.945579',1,'',NULL,'3957701','','EA',NULL,1,5,0);
INSERT INTO "invoice_ingredients" VALUES(168,25,94,12,3,4.26,12.78,'2014-04-01 19:22:24.073572','2014-04-02 01:58:31.946889',3,'',NULL,'3958040','','CS',NULL,1,1,0);
INSERT INTO "invoice_ingredients" VALUES(169,25,120,12,6,1.2,7.2,'2014-04-01 19:22:24.075525','2014-04-02 01:58:31.948138',6,'',NULL,'3958153','','CS',NULL,1,1,0);
INSERT INTO "invoice_ingredients" VALUES(170,25,96,9,5,3.588,17.94,'2014-04-01 19:22:24.077335','2014-04-02 01:58:31.949315',5,'',NULL,'3957953','','CS',NULL,1,1,0);
INSERT INTO "invoice_ingredients" VALUES(171,25,106,12,12,4.14,49.68,'2014-04-01 19:22:24.080539','2014-04-02 01:58:31.950464',12,'',NULL,'3957500','Baby','CS',NULL,1,1,0);
INSERT INTO "invoice_ingredients" VALUES(172,25,98,12,1,10.4,10.4,'2014-04-01 19:22:24.083591','2014-04-02 01:58:31.952819',1,'',NULL,'3958055','','EA',NULL,1,6,0);
INSERT INTO "invoice_ingredients" VALUES(173,25,127,12,1,10.14,10.14,'2014-04-01 19:22:24.086691','2014-04-02 01:58:31.955241',1,'',NULL,'3957313','','CS',NULL,1,7,0);
INSERT INTO "invoice_ingredients" VALUES(174,25,90,9,5,3.052,15.26,'2014-04-01 19:22:24.089626','2014-04-02 01:58:31.956649',5,'',NULL,'3961403','','CS',NULL,1,1,0);
INSERT INTO "invoice_ingredients" VALUES(175,25,373,9,1,9.9,9.9,'2014-04-01 19:22:24.091558','2014-04-02 01:58:31.957836',1,'',NULL,'3961851','','CS',NULL,1,3,0);
INSERT INTO "invoice_ingredients" VALUES(176,25,75,9,10,2.7,27,'2014-04-01 19:22:24.093328','2014-04-02 01:58:31.958975',10,'',NULL,'3957821','','CS',NULL,1,1,0);
INSERT INTO "invoice_ingredients" VALUES(177,25,109,9,1,11.28,11.28,'2014-04-01 19:22:24.097104','2014-04-02 01:58:31.960116',1,'',NULL,'3959153','','CS',NULL,1,6,0);
INSERT INTO "invoice_ingredients" VALUES(178,25,63,3,2,4.14,8.28,'2014-04-01 19:22:24.100745','2014-04-02 04:13:24.741229',2,'',NULL,'3954553','','CS',NULL,1,0.5,0);
INSERT INTO "invoice_ingredients" VALUES(179,25,386,9,10,4.14,41.4,'2014-04-01 19:22:24.104017','2014-04-02 01:58:31.963591',10,'',NULL,'3957824','','CS',NULL,1,1,0);
INSERT INTO "invoice_ingredients" VALUES(180,25,387,9,1,38.69,38.69,'2014-04-01 19:22:24.107082','2014-04-02 01:58:31.971382',1,'',NULL,'4568275','','CS',NULL,1,5,0);
INSERT INTO "invoice_ingredients" VALUES(181,25,335,1,1,4.26,4.26,'2014-04-01 19:22:24.110161','2014-04-02 01:58:31.972780',1,'Crowning',NULL,'4352258','','EA',NULL,1,1,0);
INSERT INTO "invoice_ingredients" VALUES(182,25,388,1,1,14.96,14.96,'2014-04-01 19:22:24.113119','2014-04-02 01:58:31.974014',1,'',NULL,'4344297','','EA',NULL,1,1,0);
INSERT INTO "invoice_ingredients" VALUES(183,25,302,10,1,15.37,15.37,'2014-04-01 19:22:24.116484','2014-04-02 01:58:31.977619',1,'Fragata',NULL,'4320107','','EA',NULL,1,80,0);
INSERT INTO "invoice_ingredients" VALUES(184,26,223,12,1,97.49,97.49,'2014-04-01 19:47:43.891914','2014-04-02 04:11:31.744994',1,'',NULL,'012197','','CS',NULL,1,100,0);
INSERT INTO "invoice_ingredients" VALUES(185,26,234,12,1,101.99,101.99,'2014-04-01 19:47:43.895499','2014-04-02 02:47:49.388671',1,'',NULL,'012189','','CS',NULL,1,100,0);
INSERT INTO "invoice_ingredients" VALUES(186,26,233,12,1,74.99,74.99,'2014-04-01 19:47:43.898951','2014-04-02 04:11:31.750399',1,'',NULL,'008590','','BAG',NULL,1,60,0);
INSERT INTO "invoice_ingredients" VALUES(187,26,225,12,1,58.99,58.99,'2014-04-01 19:47:43.905159','2014-04-02 02:47:49.393521',1,'',NULL,'012119','','BAG',NULL,1,60,0);
INSERT INTO "invoice_ingredients" VALUES(188,26,245,12,1,89.99,89.99,'2014-04-01 19:47:43.908525','2014-04-02 04:11:31.754493',1,'',NULL,'012171','','CS',NULL,1,100,0);
INSERT INTO "invoice_ingredients" VALUES(189,26,286,9,1,6.99,209.7,'2014-04-01 19:47:43.911563','2014-04-02 02:54:17.719959',1,'',NULL,'007192','','CS',NULL,1,30,1);
INSERT INTO "invoice_ingredients" VALUES(190,26,282,9,1,16.99,169.9,'2014-04-02 02:54:17.724904','2014-04-02 02:54:17.724904',1,'',NULL,'004308','','CS',NULL,1,10,1);
INSERT INTO "invoice_ingredients" VALUES(191,26,284,9,1,2.69,26.9,'2014-04-02 02:54:17.729383','2014-04-02 02:54:17.729383',1,'',NULL,'012259','','CS',NULL,1,10,1);
INSERT INTO "invoice_ingredients" VALUES(192,26,285,9,1,15.99,127.92,'2014-04-02 02:57:13.558309','2014-04-02 02:57:13.558309',1,'',NULL,'011462','','GAL',NULL,1,8,1);
INSERT INTO "invoice_ingredients" VALUES(193,26,262,9,1,15.49,17.04,'2014-04-02 02:57:13.561498','2014-04-02 02:57:13.561498',1,'',NULL,'011320','','CS',NULL,1,1.1,1);
INSERT INTO "invoice_ingredients" VALUES(194,26,266,9,20,13.99,289.31,'2014-04-02 02:57:13.564599','2014-04-02 02:57:13.564599',20,'',NULL,'011232','','EA',NULL,1,20.68,1);
INSERT INTO "invoice_ingredients" VALUES(195,27,233,12,1,74.99,74.99,'2014-04-02 02:59:59.687290','2014-04-02 03:33:05.228230',1,'',NULL,'008590','','BAG',NULL,1,60,0);
INSERT INTO "invoice_ingredients" VALUES(196,27,223,12,1,97.49,48.75,'2014-04-02 02:59:59.689679','2014-04-02 03:33:05.231524',0.5,'',NULL,'012197','','CS',NULL,1,100,0);
INSERT INTO "invoice_ingredients" VALUES(197,27,284,9,1,2.69,26.9,'2014-04-02 02:59:59.692143','2014-04-02 02:59:59.692143',1,'',NULL,'012259','','CS',NULL,1,10,1);
INSERT INTO "invoice_ingredients" VALUES(198,27,266,9,1,12.49,143.88,'2014-04-02 02:59:59.717561','2014-04-02 03:00:54.781809',1,'',NULL,'011232','','EA',NULL,1,11.52,1);
INSERT INTO "invoice_ingredients" VALUES(199,27,8,9,1,4.99,24.95,'2014-04-02 02:59:59.722465','2014-04-02 02:59:59.722465',1,'',NULL,'941206','','BAG',NULL,1,5,1);
INSERT INTO "invoice_ingredients" VALUES(200,28,259,12,1,89.99,0,'2014-04-02 03:05:45.948723','2014-04-02 03:05:45.948723',0,'',NULL,'008912','','CS',NULL,1,100,0);
INSERT INTO "invoice_ingredients" VALUES(201,28,251,12,1,85.99,43,'2014-04-02 03:05:45.952093','2014-04-02 03:05:45.952093',0.5,'',NULL,'012167','','CS',NULL,1,100,0);
INSERT INTO "invoice_ingredients" VALUES(202,28,226,12,1,78.49,0,'2014-04-02 03:05:45.984493','2014-04-02 03:05:45.984493',0,'',NULL,'012199','','CS',NULL,1,100,0);
INSERT INTO "invoice_ingredients" VALUES(203,28,233,12,1,74.99,74.99,'2014-04-02 03:05:45.987553','2014-04-02 03:05:45.987553',1,'',NULL,'008590','','BAG',NULL,1,60,0);
INSERT INTO "invoice_ingredients" VALUES(204,28,230,12,1,62.99,31.5,'2014-04-02 03:05:45.991140','2014-04-02 03:05:45.991140',0.5,'',NULL,'012092','','BAG',NULL,1,50,0);
INSERT INTO "invoice_ingredients" VALUES(205,28,237,12,1,93.99,93.99,'2014-04-02 03:05:45.994880','2014-04-02 03:05:45.994880',1,'',NULL,'012096','','CS',NULL,1,100,0);
INSERT INTO "invoice_ingredients" VALUES(206,28,224,12,1,87.99,87.99,'2014-04-02 03:05:45.998042','2014-04-02 03:05:45.998042',1,'',NULL,'012096','','CS',NULL,1,100,0);
INSERT INTO "invoice_ingredients" VALUES(207,29,194,9,1,6.89,68.9,'2014-04-02 03:58:16.891659','2014-04-02 03:58:16.891659',1,'Nueske''s',NULL,'835110','Applewood Smoked, Sliced','CS',NULL,1,10,1);
INSERT INTO "invoice_ingredients" VALUES(208,29,187,9,1,5.29,54.28,'2014-04-02 03:58:16.895930','2014-04-02 03:58:16.895930',1,'',NULL,'400510','Rib Chopped Frenched','BX',NULL,1,10.26,1);
INSERT INTO "invoice_ingredients" VALUES(209,30,286,9,1,6.99,209.7,'2014-04-02 04:07:38.824142','2014-04-02 04:07:38.824142',1,'',NULL,'7192','','CS',NULL,1,30,1);
INSERT INTO "invoice_ingredients" VALUES(210,30,288,9,1,9.99,249.75,'2014-04-02 04:07:38.829240','2014-04-02 04:07:38.829240',1,'',NULL,'7080','','CS',NULL,1,25,1);
INSERT INTO "invoice_ingredients" VALUES(211,30,290,9,10,16.24,168.57,'2014-04-02 04:07:38.833626','2014-04-02 04:07:38.833626',10,'',NULL,'8800','','BAG',NULL,1,10.38,1);
INSERT INTO "invoice_ingredients" VALUES(212,30,284,9,1,2.69,26.9,'2014-04-02 04:07:38.835370','2014-04-02 04:07:38.835370',1,'',NULL,'12259','Farmed-Canada (PEI)','BAG',NULL,1,10,1);
INSERT INTO "invoice_ingredients" VALUES(213,30,233,12,1,79.99,79.99,'2014-04-02 04:07:38.838404','2014-04-02 04:07:38.838404',1,'',NULL,'8690','','BAG',NULL,1,60,0);
INSERT INTO "invoice_ingredients" VALUES(214,30,187,9,1,5.29,53.22,'2014-04-02 04:07:38.841681','2014-04-02 04:07:38.841681',1,'',NULL,'400510','Rib Chopped Frenched','BX',NULL,1,10.06,1);
INSERT INTO "invoice_ingredients" VALUES(215,30,232,12,1,93.87,23.47,'2014-04-02 04:07:38.844856','2014-04-02 04:07:38.844856',0.25,'',NULL,'7747','','BAG',NULL,1,100,0);
INSERT INTO "invoice_ingredients" VALUES(216,30,259,12,1,86.49,43.25,'2014-04-02 04:07:38.847954','2014-04-02 04:07:38.847954',0.5,'',NULL,'8912','','BAG',NULL,1,100,0);
INSERT INTO "invoice_ingredients" VALUES(217,30,285,9,1,15.34,122.72,'2014-04-02 04:07:38.849956','2014-04-02 04:07:38.849956',1,'',NULL,'11462','','GAL',NULL,1,8,1);
INSERT INTO "invoice_ingredients" VALUES(218,31,351,9,1,36.96,36.96,'2014-04-03 03:22:08.176970','2014-04-03 03:22:08.176970',1,'',NULL,'8037646','','CS',NULL,1,10,0);
INSERT INTO "invoice_ingredients" VALUES(219,32,12,1,1,75.38,75.38,'2014-04-03 03:48:49.019658','2014-04-03 03:48:49.019658',1,'Schroeder',NULL,'8819559','','CS',NULL,6,0.5,0);
INSERT INTO "invoice_ingredients" VALUES(220,32,13,1,1,16.79,16.79,'2014-04-03 03:48:49.022661','2014-04-03 03:48:49.022661',1,'Kemps',NULL,'0556649','','CS',NULL,4,1,0);
INSERT INTO "invoice_ingredients" VALUES(221,32,139,9,1,21.43,21.43,'2014-04-03 03:48:49.025531','2014-04-03 03:48:49.025531',1,'Packer',NULL,'1321181','','CS',NULL,1,50,0);
INSERT INTO "invoice_ingredients" VALUES(222,32,282,9,1,176.56,176.56,'2014-04-03 03:48:49.028200','2014-04-03 03:48:49.028200',1,'',NULL,'6836142','','CS',NULL,1,10,0);
INSERT INTO "invoice_ingredients" VALUES(223,32,279,9,1,88.09,88.09,'2014-04-03 03:48:49.030907','2014-04-03 03:48:49.030907',1,'',NULL,'2208510','','CS',NULL,1,10,0);
INSERT INTO "invoice_ingredients" VALUES(224,32,283,9,1,49.89,49.89,'2014-04-03 03:48:49.033784','2014-04-03 03:48:49.033784',1,'',NULL,'2527323','','EA',NULL,1,5,0);
INSERT INTO "invoice_ingredients" VALUES(225,32,283,9,1,42.03,42.03,'2014-04-03 03:48:49.036649','2014-04-03 03:48:49.036649',1,'',NULL,'2527331','','EA',NULL,1,5,0);
INSERT INTO "invoice_ingredients" VALUES(226,32,334,1,1,18.7,18.7,'2014-04-03 03:48:49.039370','2014-04-03 03:48:49.039370',1,'',NULL,'6396949','','CS',NULL,1,3,0);
INSERT INTO "invoice_ingredients" VALUES(227,32,330,1,1,32.25,32.25,'2014-04-03 03:48:49.042081','2014-04-03 03:48:49.042081',1,'',NULL,'5191150','','CS',NULL,3,1,0);
INSERT INTO "invoice_ingredients" VALUES(228,32,337,1,1,11.7,11.7,'2014-04-03 03:48:49.045032','2014-04-03 03:48:49.045032',1,'',NULL,'4521480','','EA',NULL,1,1,0);
INSERT INTO "invoice_ingredients" VALUES(229,32,313,9,1,19.9,19.9,'2014-04-03 03:48:49.047916','2014-04-03 03:48:49.047916',1,'',NULL,'6040760','','CS',NULL,12,3,0);
INSERT INTO "invoice_ingredients" VALUES(230,32,339,9,1,28.87,28.87,'2014-04-03 03:48:49.050637','2014-04-03 03:48:49.050637',1,'',NULL,'4518403','','CS',NULL,1,35,0);
INSERT INTO "invoice_ingredients" VALUES(231,32,393,12,1,56.86,56.86,'2014-04-03 03:48:49.053391','2014-04-03 03:48:49.053391',1,'',NULL,'5478480','','EA',NULL,10,100,0);
INSERT INTO "invoice_ingredients" VALUES(232,32,95,9,1,29.96,29.96,'2014-04-03 03:48:49.056258','2014-04-03 03:48:49.056258',1,'',NULL,'4333845','','CS',NULL,2,1.5,0);
INSERT INTO "invoice_ingredients" VALUES(233,32,395,9,1,17.86,17.86,'2014-04-03 03:48:49.059020','2014-04-03 03:48:49.059020',1,'',NULL,'1675701','','EA',NULL,4,5,0);
INSERT INTO "invoice_ingredients" VALUES(234,32,398,9,1,16.86,16.86,'2014-04-03 03:48:49.061682','2014-04-03 03:48:49.061682',1,'',NULL,'3802386','','CS',NULL,1,5,0);
INSERT INTO "invoice_ingredients" VALUES(235,32,103,12,1,27.87,27.87,'2014-04-03 03:48:49.064603','2014-04-03 03:48:49.064603',1,'',NULL,'1172212','','CS',NULL,1,12,0);
INSERT INTO "invoice_ingredients" VALUES(236,32,111,12,2,9.98,19.96,'2014-04-03 03:48:49.069151','2014-04-03 03:48:49.069151',2,'',NULL,'1919745','','CS',NULL,1,6,0);
INSERT INTO "invoice_ingredients" VALUES(237,32,137,9,1,19.88,19.88,'2014-04-03 03:48:49.071867','2014-04-03 03:48:49.071867',1,'',NULL,'3827029','Mixed','CS',NULL,1,3,NULL);
INSERT INTO "invoice_ingredients" VALUES(238,33,174,9,NULL,4.19,43.58,'2014-04-03 13:29:27.563366','2014-04-03 13:29:27.563366',1,'',NULL,'','','EA',NULL,1,10.4,1);
INSERT INTO "invoice_ingredients" VALUES(239,33,401,9,NULL,4.03,172.28,'2014-04-03 13:29:27.567519','2014-04-03 13:29:27.567519',1,'',NULL,'','','EA',NULL,1,42.75,1);
INSERT INTO "invoice_ingredients" VALUES(240,33,400,9,NULL,4.49,143.68,'2014-04-03 13:29:27.570363','2014-04-03 13:29:27.570363',1,'',NULL,'','','EA',NULL,1,32,1);
INSERT INTO "invoice_ingredients" VALUES(241,33,402,9,NULL,3.85,115.5,'2014-04-03 13:29:27.573164','2014-04-03 13:29:27.573164',1,'',NULL,'','','EA',NULL,1,30,1);
INSERT INTO "invoice_ingredients" VALUES(242,34,403,9,NULL,5.59,133.88,'2014-04-03 13:30:48.369995','2014-04-03 13:30:48.369995',1,'',NULL,'','','EA',NULL,1,23.95,1);
INSERT INTO "invoice_ingredients" VALUES(243,35,174,9,NULL,4.19,41.9,'2014-04-03 13:32:02.344944','2014-04-03 13:32:02.344944',1,'',NULL,'','','EA',NULL,1,10,1);
INSERT INTO "invoice_ingredients" VALUES(244,35,401,9,NULL,4.03,45.74,'2014-04-03 13:32:02.347991','2014-04-03 13:32:02.347991',1,'',NULL,'','','EA',NULL,1,11.35,1);
INSERT INTO "invoice_ingredients" VALUES(245,35,189,9,NULL,9.79,12.04,'2014-04-03 13:32:02.350776','2014-04-03 13:32:02.350776',1,'',NULL,'','','EA',NULL,1,1.23,1);
INSERT INTO "invoice_ingredients" VALUES(246,36,401,9,NULL,4.03,179.34,'2014-04-03 13:32:49.085306','2014-04-03 13:32:49.085306',1,'',NULL,'','','EA',NULL,1,44.5,1);
INSERT INTO "invoice_ingredients" VALUES(247,36,400,9,NULL,4.49,142.56,'2014-04-03 13:32:49.088581','2014-04-03 13:32:49.088581',1,'',NULL,'','','EA',NULL,1,31.75,1);
INSERT INTO "invoice_ingredients" VALUES(248,37,400,9,NULL,4.49,187.46,'2014-04-03 13:33:47.534226','2014-04-03 13:33:47.534226',1,'',NULL,'','','EA',NULL,1,41.75,1);
INSERT INTO "invoice_ingredients" VALUES(249,37,401,9,NULL,4.03,132.99,'2014-04-03 13:33:47.540866','2014-04-03 13:33:47.540866',1,'',NULL,'','','EA',NULL,1,33,1);
INSERT INTO "invoice_ingredients" VALUES(250,38,401,9,NULL,4.03,185.38,'2014-04-03 13:34:24.407781','2014-04-03 13:34:24.407781',1,'',NULL,'','','EA',NULL,1,46,1);
INSERT INTO "invoice_ingredients" VALUES(251,39,400,9,NULL,4.49,180.72,'2014-04-03 13:34:56.800497','2014-04-03 13:34:56.800497',1,'',NULL,'','','EA',NULL,1,40.25,1);
INSERT INTO "invoice_ingredients" VALUES(252,40,404,9,NULL,24,43.44,'2014-04-03 13:36:00.293321','2014-04-03 13:36:00.293321',1,'',NULL,'','','EA',NULL,1,1.81,1);
CREATE TABLE "categories" ("id" INTEGER PRIMARY KEY AUTOINCREMENT NOT NULL, "name" varchar(255), "description" varchar(255), "created_at" datetime, "updated_at" datetime, "parent_id" integer, "custom" integer);
INSERT INTO "categories" VALUES(1,'Refrigerated',NULL,'2014-03-28 15:55:19.871893','2014-03-28 15:55:19.871893',NULL,NULL);
INSERT INTO "categories" VALUES(2,'Dairy',NULL,'2014-03-28 15:55:20.161086','2014-03-28 15:55:20.161086',1,NULL);
INSERT INTO "categories" VALUES(3,'Produce',NULL,'2014-03-28 15:55:20.220524','2014-03-28 15:55:20.220524',1,NULL);
INSERT INTO "categories" VALUES(4,'Herb',NULL,'2014-03-28 15:55:20.223549','2014-03-28 15:55:20.223549',3,NULL);
INSERT INTO "categories" VALUES(5,'Fruit',NULL,'2014-03-28 15:55:20.246359','2014-03-28 15:55:20.246359',3,NULL);
INSERT INTO "categories" VALUES(6,'Juice',NULL,'2014-03-28 15:55:20.250088','2014-03-28 15:55:20.250088',5,NULL);
INSERT INTO "categories" VALUES(7,'Vegetable',NULL,'2014-03-28 15:55:20.372364','2014-03-28 15:55:20.372364',3,NULL);
INSERT INTO "categories" VALUES(8,'Roots and Tubers',NULL,'2014-03-28 15:55:20.376056','2014-03-28 15:55:20.376056',7,NULL);
INSERT INTO "categories" VALUES(9,'Stem',NULL,'2014-03-28 15:55:20.397664','2014-03-28 15:55:20.397664',7,NULL);
INSERT INTO "categories" VALUES(10,'Leaf and Leaf-Stalk',NULL,'2014-03-28 15:55:20.405392','2014-03-28 15:55:20.405392',7,NULL);
INSERT INTO "categories" VALUES(11,'Bulb',NULL,'2014-03-28 15:55:20.426808','2014-03-28 15:55:20.426808',7,NULL);
INSERT INTO "categories" VALUES(12,'Legume',NULL,'2014-03-28 15:55:20.435523','2014-03-28 15:55:20.435523',7,NULL);
INSERT INTO "categories" VALUES(13,'Fungi',NULL,'2014-03-28 15:55:20.450012','2014-03-28 15:55:20.450012',1,NULL);
INSERT INTO "categories" VALUES(14,'Meat',NULL,'2014-03-28 15:55:20.471696','2014-03-28 15:55:20.471696',1,NULL);
INSERT INTO "categories" VALUES(15,'Beef',NULL,'2014-03-28 15:55:20.476350','2014-03-28 15:55:20.476350',14,NULL);
INSERT INTO "categories" VALUES(16,'Pork',NULL,'2014-03-28 15:55:20.521581','2014-03-28 15:55:20.521581',14,NULL);
INSERT INTO "categories" VALUES(17,'Poultry',NULL,'2014-03-28 15:55:20.547395','2014-03-28 15:55:20.547395',14,NULL);
INSERT INTO "categories" VALUES(18,'Seafood',NULL,'2014-03-28 15:55:20.578745','2014-03-28 15:55:20.578745',1,NULL);
INSERT INTO "categories" VALUES(19,'Oyster',NULL,'2014-03-28 15:55:20.583485','2014-03-28 15:55:20.583485',18,NULL);
INSERT INTO "categories" VALUES(20,'Fish',NULL,'2014-03-28 15:55:20.625240','2014-03-28 15:55:20.625240',18,NULL);
INSERT INTO "categories" VALUES(21,'Frozen',NULL,'2014-03-28 15:55:20.659745','2014-03-28 15:55:20.659745',1,NULL);
INSERT INTO "categories" VALUES(22,'Canned & Dry Goods',NULL,'2014-03-28 15:55:20.734134','2014-03-28 15:55:20.734134',NULL,NULL);
INSERT INTO "categories" VALUES(23,'Canned',NULL,'2014-03-28 15:55:20.804639','2014-03-28 15:55:20.804639',22,NULL);
INSERT INTO "categories" VALUES(24,'Spices',NULL,'2014-03-28 15:55:20.819685','2014-03-28 15:55:20.819685',22,NULL);
INSERT INTO "categories" VALUES(25,'Oils, Vinegars, Sauces',NULL,'2014-03-28 15:55:20.839557','2014-03-28 15:55:20.839557',22,NULL);
INSERT INTO "categories" VALUES(26,'Grains',NULL,'2014-03-28 15:55:20.865780','2014-03-28 15:55:20.865780',22,NULL);
INSERT INTO "categories" VALUES(27,'Whole',NULL,'2014-03-28 15:55:20.868628','2014-03-28 15:55:20.868628',26,NULL);
INSERT INTO "categories" VALUES(28,'Refined',NULL,'2014-03-28 15:55:20.886766','2014-03-28 15:55:20.886766',26,NULL);
INSERT INTO "categories" VALUES(29,'Restaurant Supplies',NULL,'2014-03-28 15:55:20.924581','2014-03-28 15:55:20.924581',NULL,NULL);
CREATE TABLE "ingredients" ("id" INTEGER PRIMARY KEY AUTOINCREMENT NOT NULL, "name" varchar(255), "category_id" integer, "last_price" decimal, "created_at" datetime, "updated_at" datetime, "parent_id" integer, "custom" integer, "measure_id" integer);
INSERT INTO "ingredients" VALUES(1,'Butter',2,NULL,'2014-03-28 15:55:20.162862','2014-03-28 15:55:20.162862',NULL,NULL,NULL);
INSERT INTO "ingredients" VALUES(2,'Butter, Unsalted',2,2.32916666666667,'2014-03-28 15:55:20.164242','2014-04-02 19:10:55.159619',NULL,NULL,9);
INSERT INTO "ingredients" VALUES(3,'Cheese',2,NULL,'2014-03-28 15:55:20.165938','2014-03-28 15:55:20.165938',NULL,NULL,NULL);
INSERT INTO "ingredients" VALUES(4,'Cheese, Cheddar',NULL,3.261,'2014-03-28 15:55:20.166927','2014-04-02 04:16:32.665912',3,NULL,9);
INSERT INTO "ingredients" VALUES(5,'Cheese, Parmesan',NULL,4.584,'2014-03-28 15:55:20.167861','2014-04-02 19:10:55.179921',3,NULL,9);
INSERT INTO "ingredients" VALUES(6,'Cheese, Goat',NULL,0.499920634920635,'2014-03-28 15:55:20.168984','2014-04-02 04:01:16.580913',3,NULL,5);
INSERT INTO "ingredients" VALUES(7,'Cheese, Blue',NULL,7.99076923076923,'2014-03-28 15:55:20.170044','2014-04-02 04:01:16.588048',3,NULL,9);
INSERT INTO "ingredients" VALUES(8,'Cheese, Blue Crumbles',NULL,4.99,'2014-03-28 15:55:20.171040','2014-04-02 03:33:05.236354',3,NULL,9);
INSERT INTO "ingredients" VALUES(9,'Cheese, Cream',NULL,1.84,'2014-03-28 15:55:20.172128','2014-04-01 13:57:57.122439',3,NULL,NULL);
INSERT INTO "ingredients" VALUES(10,'Cream, Half & Half',2,0.0609114583333333,'2014-03-28 15:55:20.173517','2014-04-02 19:10:55.185029',NULL,NULL,5);
INSERT INTO "ingredients" VALUES(11,'Cream, Sour',2,2.786,'2014-03-28 15:55:20.174721','2014-04-02 19:10:55.182557',NULL,NULL,9);
INSERT INTO "ingredients" VALUES(12,'Cream, Heavy Whipping',2,25.1266666666667,'2014-03-28 15:55:20.175351','2014-04-03 03:48:49.018234',NULL,NULL,1);
INSERT INTO "ingredients" VALUES(13,'Milk, Whole (Vitamin D)',2,4.1975,'2014-03-28 15:55:20.177129','2014-04-03 03:48:49.021361',NULL,NULL,1);
INSERT INTO "ingredients" VALUES(14,'Milk, 2%',2,NULL,'2014-03-28 15:55:20.184779','2014-03-28 15:55:20.184779',NULL,NULL,NULL);
INSERT INTO "ingredients" VALUES(15,'Milk, Skim',2,2.345,'2014-03-28 15:55:20.186732','2014-04-02 04:15:04.659901',NULL,NULL,1);
INSERT INTO "ingredients" VALUES(16,'Milk, Chocolate',2,NULL,'2014-03-28 15:55:20.188463','2014-03-28 15:55:20.188463',NULL,NULL,NULL);
INSERT INTO "ingredients" VALUES(17,'Buttermilk',2,NULL,'2014-03-28 15:55:20.190252','2014-03-28 15:55:20.190252',NULL,NULL,NULL);
INSERT INTO "ingredients" VALUES(18,'Egg, Large',2,0.0875555555555556,'2014-03-28 15:55:20.192767','2014-04-02 19:10:55.187474',NULL,NULL,12);
INSERT INTO "ingredients" VALUES(19,'Egg, Extra-Large',2,NULL,'2014-03-28 15:55:20.196551','2014-03-28 15:55:20.196551',NULL,NULL,NULL);
INSERT INTO "ingredients" VALUES(20,'Parsley, Fresh',4,0.48,'2014-03-28 15:55:20.225422','2014-04-02 04:16:32.691887',NULL,NULL,5);
INSERT INTO "ingredients" VALUES(21,'Rosemary, Fresh',4,1.41,'2014-03-28 15:55:20.227494','2014-04-02 04:16:32.685657',NULL,NULL,5);
INSERT INTO "ingredients" VALUES(22,'Sage, Fresh',4,NULL,'2014-03-28 15:55:20.228997','2014-03-28 15:55:20.228997',NULL,NULL,NULL);
INSERT INTO "ingredients" VALUES(23,'Thyme, Fresh',4,1.41,'2014-03-28 15:55:20.230490','2014-04-02 04:16:32.688292',NULL,NULL,5);
INSERT INTO "ingredients" VALUES(24,'Cilantro, Fresh',4,0.4975,'2014-03-28 15:55:20.231547','2014-04-02 04:15:04.623822',NULL,NULL,5);
INSERT INTO "ingredients" VALUES(25,'Mint, Fresh',4,1.245,'2014-03-28 15:55:20.232984','2014-04-02 03:14:50.668526',NULL,NULL,5);
INSERT INTO "ingredients" VALUES(26,'Anise, Fresh',4,NULL,'2014-03-28 15:55:20.234497','2014-03-28 15:55:20.234497',NULL,NULL,NULL);
INSERT INTO "ingredients" VALUES(27,'Basil, Fresh',4,7.2,'2014-03-28 15:55:20.235565','2014-04-02 03:14:50.666151',NULL,NULL,9);
INSERT INTO "ingredients" VALUES(28,'Dill Weed, Fresh',4,11.7,'2014-03-28 15:55:20.237008','2014-04-02 03:14:50.675732',NULL,NULL,9);
INSERT INTO "ingredients" VALUES(29,'Lemongrass, Fresh',4,9.54,'2014-03-28 15:55:20.238514','2014-04-02 04:19:36.751120',NULL,NULL,9);
INSERT INTO "ingredients" VALUES(30,'Juice, Fresh, Lime',6,NULL,'2014-03-28 15:55:20.251241','2014-03-28 15:55:20.251241',NULL,NULL,NULL);
INSERT INTO "ingredients" VALUES(31,'Juice, Fresh, Lemon',6,NULL,'2014-03-28 15:55:20.252627','2014-03-28 15:55:20.252627',NULL,NULL,NULL);
INSERT INTO "ingredients" VALUES(32,'Juice, Fresh, Apple',6,NULL,'2014-03-28 15:55:20.254010','2014-03-28 15:55:20.254010',NULL,NULL,NULL);
INSERT INTO "ingredients" VALUES(33,'Juice, Fresh, Grapefruit',6,NULL,'2014-03-28 15:55:20.255202','2014-03-28 15:55:20.255202',NULL,NULL,NULL);
INSERT INTO "ingredients" VALUES(34,'Juice, Fresh, Orange',6,NULL,'2014-03-28 15:55:20.315553','2014-03-28 15:55:20.315553',NULL,NULL,NULL);
INSERT INTO "ingredients" VALUES(35,'Juice, Fresh, Cherry',6,NULL,'2014-03-28 15:55:20.318647','2014-03-28 15:55:20.318647',NULL,NULL,NULL);
INSERT INTO "ingredients" VALUES(36,'Juice, Fresh, Pineapple',6,NULL,'2014-03-28 15:55:20.319862','2014-03-28 15:55:20.319862',NULL,NULL,NULL);
INSERT INTO "ingredients" VALUES(37,'Avocado',5,1.74,'2014-03-28 15:55:20.321140','2014-04-02 03:34:45.539177',NULL,NULL,12);
INSERT INTO "ingredients" VALUES(38,'Cucumber',5,0.672,'2014-03-28 15:55:20.322259','2014-04-02 04:16:32.700125',NULL,NULL,12);
INSERT INTO "ingredients" VALUES(39,'Cucumber, Seedless',5,NULL,'2014-03-28 15:55:20.323108','2014-03-28 15:55:20.323108',NULL,NULL,NULL);
INSERT INTO "ingredients" VALUES(40,'Okra',5,NULL,'2014-03-28 15:55:20.324167','2014-03-28 15:55:20.324167',NULL,NULL,NULL);
INSERT INTO "ingredients" VALUES(41,'Pepper',5,5,'2014-03-28 15:55:20.325240','2014-04-01 04:01:14.050033',NULL,NULL,NULL);
INSERT INTO "ingredients" VALUES(42,'Pepper, Bell, Red',5,NULL,'2014-03-28 15:55:20.326313','2014-03-28 15:55:20.326313',NULL,NULL,NULL);
INSERT INTO "ingredients" VALUES(43,'Pepper, Bell, Yellow',5,NULL,'2014-03-28 15:55:20.328236','2014-03-28 15:55:20.328236',NULL,NULL,NULL);
INSERT INTO "ingredients" VALUES(44,'Pepper, Bell, Orange',5,NULL,'2014-03-28 15:55:20.329450','2014-03-28 15:55:20.329450',NULL,NULL,NULL);
INSERT INTO "ingredients" VALUES(45,'Pepper, Bell, Green',5,NULL,'2014-03-28 15:55:20.330369','2014-03-28 15:55:20.330369',NULL,NULL,NULL);
INSERT INTO "ingredients" VALUES(46,'Pepper, Jalepeno',5,2.82,'2014-03-28 15:55:20.331126','2014-04-02 04:15:04.662567',NULL,NULL,9);
INSERT INTO "ingredients" VALUES(47,'Pepper, Banana',5,6.29,'2014-03-28 15:55:20.332173','2014-04-02 04:15:04.657346',NULL,NULL,9);
INSERT INTO "ingredients" VALUES(48,'Pumpkin',5,NULL,'2014-03-28 15:55:20.333231','2014-03-28 15:55:20.333231',NULL,NULL,NULL);
INSERT INTO "ingredients" VALUES(49,'Snap Beans',5,NULL,'2014-03-28 15:55:20.334287','2014-03-28 15:55:20.334287',NULL,NULL,NULL);
INSERT INTO "ingredients" VALUES(50,'Squash',5,NULL,'2014-03-28 15:55:20.335771','2014-03-28 15:55:20.335771',NULL,NULL,NULL);
INSERT INTO "ingredients" VALUES(51,'Zuchinni',5,NULL,'2014-03-28 15:55:20.337114','2014-03-28 15:55:20.337114',NULL,NULL,NULL);
INSERT INTO "ingredients" VALUES(52,'Eggplant',5,NULL,'2014-03-28 15:55:20.338120','2014-03-28 15:55:20.338120',NULL,NULL,NULL);
INSERT INTO "ingredients" VALUES(53,'Eggplant: Thai',5,NULL,'2014-03-28 15:55:20.339076','2014-03-28 15:55:20.339076',NULL,NULL,NULL);
INSERT INTO "ingredients" VALUES(54,'Tomato',5,1.0125,'2014-03-28 15:55:20.340152','2014-04-02 03:34:45.531263',NULL,NULL,9);
INSERT INTO "ingredients" VALUES(55,'Tomato, Cherry',5,1.745,'2014-03-28 15:55:20.341392','2014-04-02 04:16:32.663203',NULL,NULL,3);
INSERT INTO "ingredients" VALUES(56,'Tomato, Grape',5,NULL,'2014-03-28 15:55:20.342467','2014-03-28 15:55:20.342467',NULL,NULL,NULL);
INSERT INTO "ingredients" VALUES(57,'Tomato, Green',5,3,'2014-03-28 15:55:20.343816','2014-04-03 03:59:50.252669',NULL,NULL,9);
INSERT INTO "ingredients" VALUES(58,'Tomato, Heirloom',5,NULL,'2014-03-28 15:55:20.344938','2014-03-28 15:55:20.344938',NULL,NULL,NULL);
INSERT INTO "ingredients" VALUES(59,'Tomato, Beefsteak',5,3,'2014-03-28 15:55:20.346223','2014-04-03 03:59:27.725719',NULL,NULL,9);
INSERT INTO "ingredients" VALUES(60,'Strawberry',5,0.054,'2014-03-28 15:55:20.347204','2014-04-02 04:16:32.668875',NULL,NULL,12);
INSERT INTO "ingredients" VALUES(61,'Raspberry',5,10.68,'2014-03-28 15:55:20.348044','2014-04-02 04:15:04.636768',NULL,NULL,3);
INSERT INTO "ingredients" VALUES(62,'Blueberry',5,4.86,'2014-03-28 15:55:20.349172','2014-04-02 04:15:04.606196',NULL,NULL,3);
INSERT INTO "ingredients" VALUES(63,'Blackberry',5,8.28,'2014-03-28 15:55:20.350371','2014-04-02 04:13:24.739651',NULL,NULL,3);
INSERT INTO "ingredients" VALUES(64,'Cherry',5,NULL,'2014-03-28 15:55:20.351118','2014-03-28 15:55:20.351118',NULL,NULL,NULL);
INSERT INTO "ingredients" VALUES(65,'Banana',5,NULL,'2014-03-28 15:55:20.351891','2014-03-28 15:55:20.351891',NULL,NULL,NULL);
INSERT INTO "ingredients" VALUES(66,'Orange',5,0.776,'2014-03-28 15:55:20.352877','2014-04-02 04:16:32.671087',NULL,NULL,12);
INSERT INTO "ingredients" VALUES(67,'Apple',5,NULL,'2014-03-28 15:55:20.353835','2014-03-28 15:55:20.353835',NULL,NULL,NULL);
INSERT INTO "ingredients" VALUES(68,'Apple, Grannysmith',5,0.5159,'2014-03-28 15:55:20.355104','2014-04-02 04:15:04.650339',NULL,NULL,12);
INSERT INTO "ingredients" VALUES(69,'Lime',5,0.9,'2014-03-28 15:55:20.356458','2014-04-02 04:15:04.608869',NULL,NULL,12);
INSERT INTO "ingredients" VALUES(70,'Lemon',5,0.284785714285714,'2014-03-28 15:55:20.357451','2014-04-02 19:10:55.205873',NULL,NULL,12);
INSERT INTO "ingredients" VALUES(71,'Grapefruit',5,NULL,'2014-03-28 15:55:20.358420','2014-03-28 15:55:20.358420',NULL,NULL,NULL);
INSERT INTO "ingredients" VALUES(72,'Grapefruit, Ruby Red',5,NULL,'2014-03-28 15:55:20.360600','2014-03-28 15:55:20.360600',NULL,NULL,NULL);
INSERT INTO "ingredients" VALUES(73,'Beet',8,NULL,'2014-03-28 15:55:20.377187','2014-03-28 15:55:20.377187',NULL,NULL,NULL);
INSERT INTO "ingredients" VALUES(74,'Beet, Red',8,0,'2014-03-28 15:55:20.378243','2014-04-02 04:19:36.759828',NULL,NULL,9);
INSERT INTO "ingredients" VALUES(75,'Beet, Golden',8,2.7,'2014-03-28 15:55:20.378865','2014-04-02 04:13:24.736101',NULL,NULL,9);
INSERT INTO "ingredients" VALUES(76,'Carrot',8,0.675,'2014-03-28 15:55:20.379899','2014-04-02 04:16:32.680744',NULL,NULL,9);
INSERT INTO "ingredients" VALUES(77,'Radish',8,2.5,'2014-03-28 15:55:20.380860','2014-04-03 03:59:27.731678',NULL,NULL,12);
INSERT INTO "ingredients" VALUES(78,'Rutabaga',8,NULL,'2014-03-28 15:55:20.381819','2014-03-28 15:55:20.381819',NULL,NULL,NULL);
INSERT INTO "ingredients" VALUES(80,'Turnip',8,NULL,'2014-03-28 15:55:20.383971','2014-03-28 15:55:20.383971',NULL,NULL,NULL);
INSERT INTO "ingredients" VALUES(81,'Yam',8,NULL,'2014-03-28 15:55:20.385070','2014-03-28 15:55:20.385070',NULL,NULL,NULL);
INSERT INTO "ingredients" VALUES(82,'Ginger Root',8,3.3,'2014-03-28 15:55:20.386230','2014-04-02 04:15:04.639469',NULL,NULL,9);
INSERT INTO "ingredients" VALUES(83,'Potato',8,NULL,'2014-03-28 15:55:20.386975','2014-03-28 15:55:20.386975',NULL,NULL,NULL);
INSERT INTO "ingredients" VALUES(84,'Potato, Red',8,0.494,'2014-03-28 15:55:20.387828','2014-04-02 19:10:55.214895',NULL,NULL,9);
INSERT INTO "ingredients" VALUES(85,'Potato, Fingerling',8,2.328,'2014-03-28 15:55:20.388990','2014-04-02 04:16:32.678324',NULL,NULL,9);
INSERT INTO "ingredients" VALUES(86,'Potato, Sweet',8,NULL,'2014-03-28 15:55:20.390953','2014-03-28 15:55:20.390953',NULL,NULL,NULL);
INSERT INTO "ingredients" VALUES(87,'Potato, Baking',8,0.1298,'2014-03-28 15:55:20.392110','2014-04-02 19:10:55.212483',NULL,NULL,12);
INSERT INTO "ingredients" VALUES(88,'Sunchoke',8,NULL,'2014-03-28 15:55:20.393282','2014-03-28 15:55:20.393282',NULL,NULL,NULL);
INSERT INTO "ingredients" VALUES(89,'Jicama',8,NULL,'2014-03-28 15:55:20.394288','2014-03-28 15:55:20.394288',NULL,NULL,NULL);
INSERT INTO "ingredients" VALUES(90,'Parsnip',8,3.0525,'2014-03-28 15:55:20.395216','2014-04-02 04:16:32.707208',NULL,NULL,9);
INSERT INTO "ingredients" VALUES(91,'Asparagus',9,3.25,'2014-03-28 15:55:20.398652','2014-04-03 03:59:27.728276',NULL,NULL,9);
INSERT INTO "ingredients" VALUES(92,'Kohlarabi',9,NULL,'2014-03-28 15:55:20.399718','2014-03-28 15:55:20.399718',NULL,NULL,NULL);
INSERT INTO "ingredients" VALUES(94,'Fennel',9,4.26,'2014-03-28 15:55:20.401931','2014-04-02 04:13:24.727546',NULL,NULL,12);
INSERT INTO "ingredients" VALUES(95,'Arugula',10,9.98666666666667,'2014-03-28 15:55:20.406479','2014-04-03 03:48:49.054972',NULL,NULL,9);
INSERT INTO "ingredients" VALUES(96,'Brussels Sprouts',10,3.59,'2014-03-28 15:55:20.407154','2014-04-02 04:16:32.695207',NULL,NULL,9);
INSERT INTO "ingredients" VALUES(97,'Cabbage',10,NULL,'2014-03-28 15:55:20.407894','2014-03-28 15:55:20.407894',NULL,NULL,NULL);
INSERT INTO "ingredients" VALUES(98,'Celery',10,1.73333333333333,'2014-03-28 15:55:20.408891','2014-04-02 04:13:24.731163',NULL,NULL,12);
INSERT INTO "ingredients" VALUES(99,'Chard',10,NULL,'2014-03-28 15:55:20.409941','2014-03-28 15:55:20.409941',NULL,NULL,NULL);
INSERT INTO "ingredients" VALUES(100,'Chicory',10,NULL,'2014-03-28 15:55:20.411595','2014-03-28 15:55:20.411595',NULL,NULL,NULL);
INSERT INTO "ingredients" VALUES(101,'Endive',10,NULL,'2014-03-28 15:55:20.412776','2014-03-28 15:55:20.412776',NULL,NULL,NULL);
INSERT INTO "ingredients" VALUES(102,'Lettuce',10,3.5,'2014-03-28 15:55:20.413612','2014-04-03 03:59:27.763338',NULL,NULL,9);
INSERT INTO "ingredients" VALUES(103,'Lettuce, Bib',10,2.3225,'2014-03-28 15:55:20.414705','2014-04-03 03:48:49.063332',NULL,NULL,12);
INSERT INTO "ingredients" VALUES(104,'Rhubarb',10,NULL,'2014-03-28 15:55:20.415465','2014-03-28 15:55:20.415465',NULL,NULL,NULL);
INSERT INTO "ingredients" VALUES(105,'Spinach',10,4,'2014-03-28 15:55:20.416476','2014-04-03 03:59:27.730139',NULL,NULL,9);
INSERT INTO "ingredients" VALUES(106,'Bok Choi',10,2.82,'2014-03-28 15:55:20.418017','2014-04-02 04:15:04.633161',NULL,NULL,12);
INSERT INTO "ingredients" VALUES(107,'Collards',10,NULL,'2014-03-28 15:55:20.419201','2014-03-28 15:55:20.419201',NULL,NULL,NULL);
INSERT INTO "ingredients" VALUES(108,'Escarole',10,NULL,'2014-03-28 15:55:20.420332','2014-03-28 15:55:20.420332',NULL,NULL,NULL);
INSERT INTO "ingredients" VALUES(109,'Kale',10,1.88,'2014-03-28 15:55:20.421029','2014-04-02 04:13:24.737640',NULL,NULL,9);
INSERT INTO "ingredients" VALUES(110,'Mustard Greens',10,NULL,'2014-03-28 15:55:20.422011','2014-03-28 15:55:20.422011',NULL,NULL,NULL);
INSERT INTO "ingredients" VALUES(111,'Romaine',10,1.66333333333333,'2014-03-28 15:55:20.422946','2014-04-03 03:48:49.067852',NULL,NULL,12);
INSERT INTO "ingredients" VALUES(112,'Watercress',10,NULL,'2014-03-28 15:55:20.423986','2014-03-28 15:55:20.423986',NULL,NULL,NULL);
INSERT INTO "ingredients" VALUES(113,'Garlic',11,0.3109375,'2014-03-28 15:55:20.427778','2014-04-02 19:10:55.194583',NULL,NULL,5);
INSERT INTO "ingredients" VALUES(114,'Leek',11,NULL,'2014-03-28 15:55:20.428754','2014-03-28 15:55:20.428754',NULL,NULL,NULL);
INSERT INTO "ingredients" VALUES(115,'Onion',11,0.392,'2014-03-28 15:55:20.429704','2014-04-02 19:10:55.210155',NULL,NULL,9);
INSERT INTO "ingredients" VALUES(116,'Chives',11,1.425,'2014-03-28 15:55:20.430635','2014-04-02 04:15:04.618357',NULL,NULL,5);
INSERT INTO "ingredients" VALUES(117,'Shallot',11,NULL,'2014-03-28 15:55:20.431143','2014-03-28 15:55:20.431143',NULL,NULL,NULL);
INSERT INTO "ingredients" VALUES(118,'Ramp',11,NULL,'2014-03-28 15:55:20.432125','2014-03-28 15:55:20.432125',NULL,NULL,NULL);
INSERT INTO "ingredients" VALUES(119,'Beans',12,NULL,'2014-03-28 15:55:20.436716','2014-03-28 15:55:20.436716',NULL,NULL,NULL);
INSERT INTO "ingredients" VALUES(120,'Corn',12,1.2,'2014-03-28 15:55:20.437867','2014-04-02 03:14:50.664054',NULL,NULL,12);
INSERT INTO "ingredients" VALUES(121,'Lentils',12,NULL,'2014-03-28 15:55:20.438909','2014-03-28 15:55:20.438909',NULL,NULL,NULL);
INSERT INTO "ingredients" VALUES(122,'Lentils, Brown',12,NULL,'2014-03-28 15:55:20.439865','2014-03-28 15:55:20.439865',NULL,NULL,NULL);
INSERT INTO "ingredients" VALUES(123,'Lentils, Green',12,NULL,'2014-03-28 15:55:20.441047','2014-03-28 15:55:20.441047',NULL,NULL,NULL);
INSERT INTO "ingredients" VALUES(124,'Lentils, Red',12,NULL,'2014-03-28 15:55:20.442148','2014-03-28 15:55:20.442148',NULL,NULL,NULL);
INSERT INTO "ingredients" VALUES(125,'Lentils, Black',12,NULL,'2014-03-28 15:55:20.443119','2014-03-28 15:55:20.443119',NULL,NULL,NULL);
INSERT INTO "ingredients" VALUES(126,'Peas',12,NULL,'2014-03-28 15:55:20.444512','2014-03-28 15:55:20.444512',NULL,NULL,NULL);
INSERT INTO "ingredients" VALUES(127,'Brocolli',7,1.44857142857143,'2014-03-28 15:55:20.445810','2014-04-02 04:19:36.757741',NULL,NULL,12);
INSERT INTO "ingredients" VALUES(128,'Cauliflower',7,3.15,'2014-03-28 15:55:20.446855','2014-04-02 04:15:04.653283',NULL,NULL,12);
INSERT INTO "ingredients" VALUES(129,'Mushroom, White',13,NULL,'2014-03-28 15:55:20.450804','2014-03-28 15:55:20.450804',NULL,NULL,NULL);
INSERT INTO "ingredients" VALUES(130,'Mushroom, Chanterelle',13,NULL,'2014-03-28 15:55:20.451456','2014-03-28 15:55:20.451456',NULL,NULL,NULL);
INSERT INTO "ingredients" VALUES(131,'Mushroom, Oyster',13,NULL,'2014-03-28 15:55:20.452460','2014-03-28 15:55:20.452460',NULL,NULL,NULL);
INSERT INTO "ingredients" VALUES(132,'Mushroom, Portabello',13,NULL,'2014-03-28 15:55:20.453451','2014-03-28 15:55:20.453451',NULL,NULL,NULL);
INSERT INTO "ingredients" VALUES(133,'Mushroom, Shiitake',13,8,'2014-03-28 15:55:20.454447','2014-04-03 03:59:50.254707',NULL,NULL,9);
INSERT INTO "ingredients" VALUES(134,'Mushroom, Cremini',13,NULL,'2014-03-28 15:55:20.456177','2014-03-28 15:55:20.456177',NULL,NULL,NULL);
INSERT INTO "ingredients" VALUES(135,'Mushroom, Morel',13,NULL,'2014-03-28 15:55:20.457396','2014-03-28 15:55:20.457396',NULL,NULL,NULL);
INSERT INTO "ingredients" VALUES(136,'Mushroom, Hen-of-the-woods',13,NULL,'2014-03-28 15:55:20.458447','2014-03-28 15:55:20.458447',NULL,NULL,NULL);
INSERT INTO "ingredients" VALUES(137,'Mushroom, Wild',13,6.62666666666667,'2014-03-28 15:55:20.459115','2014-04-03 03:48:49.070781',NULL,NULL,9);
INSERT INTO "ingredients" VALUES(138,'Beef: Whole Cow',15,NULL,'2014-03-28 15:55:20.477382','2014-03-28 15:55:20.477382',NULL,NULL,NULL);
INSERT INTO "ingredients" VALUES(139,'Beef: Bone',15,0.4286,'2014-03-28 15:55:20.478630','2014-04-03 03:48:49.024349',NULL,NULL,9);
INSERT INTO "ingredients" VALUES(140,'Beef: Demi Glaze (Veal)',15,NULL,'2014-03-28 15:55:20.480296','2014-03-28 15:55:20.480296',NULL,NULL,NULL);
INSERT INTO "ingredients" VALUES(141,'Beef: Chuck',15,NULL,'2014-03-28 15:55:20.481301','2014-03-28 15:55:20.481301',NULL,NULL,NULL);
INSERT INTO "ingredients" VALUES(142,'Beef: Rib',15,NULL,'2014-03-28 15:55:20.482329','2014-03-28 15:55:20.482329',NULL,NULL,NULL);
INSERT INTO "ingredients" VALUES(143,'Beef: Rib Roast, Large End',15,NULL,'2014-03-28 15:55:20.483627','2014-03-28 15:55:20.483627',NULL,NULL,NULL);
INSERT INTO "ingredients" VALUES(144,'Beef: Rib Roast, Small End',15,NULL,'2014-03-28 15:55:20.484843','2014-03-28 15:55:20.484843',NULL,NULL,NULL);
INSERT INTO "ingredients" VALUES(145,'Beef: Rib Steak, Small End',15,NULL,'2014-03-28 15:55:20.486062','2014-03-28 15:55:20.486062',NULL,NULL,NULL);
INSERT INTO "ingredients" VALUES(146,'Beef: Rib Eye Steak',15,NULL,'2014-03-28 15:55:20.487076','2014-03-28 15:55:20.487076',NULL,NULL,NULL);
INSERT INTO "ingredients" VALUES(147,'Beef: Rib Eye Roast',15,NULL,'2014-03-28 15:55:20.488192','2014-03-28 15:55:20.488192',NULL,NULL,NULL);
INSERT INTO "ingredients" VALUES(148,'Beef: Back Ribs',15,NULL,'2014-03-28 15:55:20.489347','2014-03-28 15:55:20.489347',NULL,NULL,NULL);
INSERT INTO "ingredients" VALUES(149,'Beef: Short Loin',15,NULL,'2014-03-28 15:55:20.490369','2014-03-28 15:55:20.490369',NULL,NULL,NULL);
INSERT INTO "ingredients" VALUES(150,'Beef: Top Loin Steak',15,NULL,'2014-03-28 15:55:20.491666','2014-03-28 15:55:20.491666',NULL,NULL,NULL);
INSERT INTO "ingredients" VALUES(151,'Beef: T-Bone Steak',15,NULL,'2014-03-28 15:55:20.492789','2014-03-28 15:55:20.492789',NULL,NULL,NULL);
INSERT INTO "ingredients" VALUES(152,'Beef: Porterhouse Steak',15,NULL,'2014-03-28 15:55:20.493871','2014-03-28 15:55:20.493871',NULL,NULL,NULL);
INSERT INTO "ingredients" VALUES(153,'Beef: Tenderloin Roast/Steak',15,NULL,'2014-03-28 15:55:20.494394','2014-03-28 15:55:20.494394',NULL,NULL,NULL);
INSERT INTO "ingredients" VALUES(154,'Beef: Sirloin',15,NULL,'2014-03-28 15:55:20.495249','2014-03-28 15:55:20.495249',NULL,NULL,NULL);
INSERT INTO "ingredients" VALUES(155,'Beef: Top Sirloin Steak',15,NULL,'2014-03-28 15:55:20.496253','2014-03-28 15:55:20.496253',NULL,NULL,NULL);
INSERT INTO "ingredients" VALUES(156,'Beef: Sirloin Steak',15,NULL,'2014-03-28 15:55:20.497250','2014-03-28 15:55:20.497250',NULL,NULL,NULL);
INSERT INTO "ingredients" VALUES(157,'Beef: Tenderloing Roast/Steak',15,NULL,'2014-03-28 15:55:20.498249','2014-03-28 15:55:20.498249',NULL,NULL,NULL);
INSERT INTO "ingredients" VALUES(158,'Beef: Tri-Tip',15,NULL,'2014-03-28 15:55:20.499881','2014-03-28 15:55:20.499881',NULL,NULL,NULL);
INSERT INTO "ingredients" VALUES(159,'Beef: Round',15,NULL,'2014-03-28 15:55:20.501006','2014-03-28 15:55:20.501006',NULL,NULL,NULL);
INSERT INTO "ingredients" VALUES(160,'Beef: Round Steak',15,NULL,'2014-03-28 15:55:20.502020','2014-03-28 15:55:20.502020',NULL,NULL,NULL);
INSERT INTO "ingredients" VALUES(161,'Beef: Top Round Roast',15,NULL,'2014-03-28 15:55:20.503012','2014-03-28 15:55:20.503012',NULL,NULL,NULL);
INSERT INTO "ingredients" VALUES(162,'Beef: Top Round Steak',15,NULL,'2014-03-28 15:55:20.503729','2014-03-28 15:55:20.503729',NULL,NULL,NULL);
INSERT INTO "ingredients" VALUES(163,'Beef: Bottom Round Roast',15,NULL,'2014-03-28 15:55:20.504939','2014-03-28 15:55:20.504939',NULL,NULL,NULL);
INSERT INTO "ingredients" VALUES(164,'Beef: Tip Roast Cap Off',15,NULL,'2014-03-28 15:55:20.505951','2014-03-28 15:55:20.505951',NULL,NULL,NULL);
INSERT INTO "ingredients" VALUES(165,'Beef: Eye Round Roast',15,NULL,'2014-03-28 15:55:20.506994','2014-03-28 15:55:20.506994',NULL,NULL,NULL);
INSERT INTO "ingredients" VALUES(166,'Beef: Tip Steak',15,NULL,'2014-03-28 15:55:20.507941','2014-03-28 15:55:20.507941',NULL,NULL,NULL);
INSERT INTO "ingredients" VALUES(167,'Beef: Boneless Rump Roast',15,NULL,'2014-03-28 15:55:20.508897','2014-03-28 15:55:20.508897',NULL,NULL,NULL);
INSERT INTO "ingredients" VALUES(168,'Beef: Flank',15,NULL,'2014-03-28 15:55:20.509858','2014-03-28 15:55:20.509858',NULL,NULL,NULL);
INSERT INTO "ingredients" VALUES(169,'Beef: Flank Steak',15,NULL,'2014-03-28 15:55:20.510590','2014-03-28 15:55:20.510590',NULL,NULL,NULL);
INSERT INTO "ingredients" VALUES(170,'Beef: Flank Steak Rolls',15,NULL,'2014-03-28 15:55:20.511531','2014-03-28 15:55:20.511531',NULL,NULL,NULL);
INSERT INTO "ingredients" VALUES(171,'Beef: Plate',15,NULL,'2014-03-28 15:55:20.512431','2014-03-28 15:55:20.512431',NULL,NULL,NULL);
INSERT INTO "ingredients" VALUES(172,'Beef: Skirt Steak',15,NULL,'2014-03-28 15:55:20.513327','2014-03-28 15:55:20.513327',NULL,NULL,NULL);
INSERT INTO "ingredients" VALUES(173,'Beef: Shank',15,NULL,'2014-03-28 15:55:20.514215','2014-03-28 15:55:20.514215',NULL,NULL,NULL);
INSERT INTO "ingredients" VALUES(174,'Beef: Brisket',15,4.19,'2014-03-28 15:55:20.515449','2014-04-03 13:32:02.343363',NULL,NULL,9);
INSERT INTO "ingredients" VALUES(175,'Beef: Whole Brisket',15,NULL,'2014-03-28 15:55:20.516447','2014-03-28 15:55:20.516447',NULL,NULL,NULL);
INSERT INTO "ingredients" VALUES(176,'Beef: Brisket, Point Half',15,NULL,'2014-03-28 15:55:20.517358','2014-03-28 15:55:20.517358',NULL,NULL,NULL);
INSERT INTO "ingredients" VALUES(177,'Beef: Brisket, Flat Half',15,NULL,'2014-03-28 15:55:20.518045','2014-03-28 15:55:20.518045',NULL,NULL,NULL);
INSERT INTO "ingredients" VALUES(178,'Pork: Whole Pig',16,NULL,'2014-03-28 15:55:20.522408','2014-03-28 15:55:20.522408',NULL,NULL,NULL);
INSERT INTO "ingredients" VALUES(179,'Pork: Jowl',16,NULL,'2014-03-28 15:55:20.523904','2014-03-28 15:55:20.523904',NULL,NULL,NULL);
INSERT INTO "ingredients" VALUES(180,'Pork: Bacon Square',16,NULL,'2014-03-28 15:55:20.525688','2014-03-28 15:55:20.525688',NULL,NULL,NULL);
INSERT INTO "ingredients" VALUES(181,'Pork: Smoked Cottage Roll',16,NULL,'2014-03-28 15:55:20.526620','2014-03-28 15:55:20.526620',NULL,NULL,NULL);
INSERT INTO "ingredients" VALUES(182,'Pork: Butt',16,0.509633911368015,'2014-03-28 15:55:20.527644','2014-04-01 02:26:02.520839',NULL,NULL,NULL);
INSERT INTO "ingredients" VALUES(183,'Pork: Boston Style Butt',16,NULL,'2014-03-28 15:55:20.528584','2014-03-28 15:55:20.528584',NULL,NULL,NULL);
INSERT INTO "ingredients" VALUES(184,'Pork: Blade Steak',16,NULL,'2014-03-28 15:55:20.529537','2014-03-28 15:55:20.529537',NULL,NULL,NULL);
INSERT INTO "ingredients" VALUES(185,'Pork: Lard',16,NULL,'2014-03-28 15:55:20.530481','2014-03-28 15:55:20.530481',NULL,NULL,NULL);
INSERT INTO "ingredients" VALUES(186,'Pork: Loin Roast',16,NULL,'2014-03-28 15:55:20.531543','2014-03-28 15:55:20.531543',NULL,NULL,NULL);
INSERT INTO "ingredients" VALUES(187,'Pork: Chop',16,5.29025844930417,'2014-03-28 15:55:20.532661','2014-04-02 04:07:38.840289',NULL,NULL,9);
INSERT INTO "ingredients" VALUES(188,'Pork: Sirloin Roast',16,NULL,'2014-03-28 15:55:20.533778','2014-03-28 15:55:20.533778',NULL,NULL,NULL);
INSERT INTO "ingredients" VALUES(189,'Pork: Tenderloin',16,9.78861788617886,'2014-03-28 15:55:20.534739','2014-04-03 13:32:02.349560',NULL,NULL,9);
INSERT INTO "ingredients" VALUES(190,'Pork: Ham',16,NULL,'2014-03-28 15:55:20.535596','2014-03-28 15:55:20.535596',NULL,NULL,NULL);
INSERT INTO "ingredients" VALUES(191,'Pork: Half Ham',16,NULL,'2014-03-28 15:55:20.536724','2014-03-28 15:55:20.536724',NULL,NULL,NULL);
INSERT INTO "ingredients" VALUES(192,'Pork: Ham Slice',16,NULL,'2014-03-28 15:55:20.537808','2014-03-28 15:55:20.537808',NULL,NULL,NULL);
INSERT INTO "ingredients" VALUES(193,'Pork: Fresh Ham Roast',16,NULL,'2014-03-28 15:55:20.538895','2014-03-28 15:55:20.538895',NULL,NULL,NULL);
INSERT INTO "ingredients" VALUES(194,'Pork: Bacon',16,6.89,'2014-03-28 15:55:20.539757','2014-04-02 03:58:16.889891',NULL,NULL,9);
INSERT INTO "ingredients" VALUES(195,'Pork: Spareribs',16,NULL,'2014-03-28 15:55:20.540840','2014-03-28 15:55:20.540840',NULL,NULL,NULL);
INSERT INTO "ingredients" VALUES(196,'Pork: Fresh Picnic Shoulder',16,NULL,'2014-03-28 15:55:20.541371','2014-03-28 15:55:20.541371',NULL,NULL,NULL);
INSERT INTO "ingredients" VALUES(197,'Pork: Arm Steak',16,NULL,'2014-03-28 15:55:20.542347','2014-03-28 15:55:20.542347',NULL,NULL,NULL);
INSERT INTO "ingredients" VALUES(198,'Pork: Fresh Shoulder Hock',16,NULL,'2014-03-28 15:55:20.543746','2014-03-28 15:55:20.543746',NULL,NULL,NULL);
INSERT INTO "ingredients" VALUES(199,'Whole Chicken',17,NULL,'2014-03-28 15:55:20.548408','2014-03-28 15:55:20.548408',NULL,NULL,NULL);
INSERT INTO "ingredients" VALUES(200,'Chicken: Whole Leg',17,NULL,'2014-03-28 15:55:20.549436','2014-03-28 15:55:20.549436',NULL,NULL,NULL);
INSERT INTO "ingredients" VALUES(201,'Chicken: Leg Quarter',17,NULL,'2014-03-28 15:55:20.550376','2014-03-28 15:55:20.550376',NULL,NULL,NULL);
INSERT INTO "ingredients" VALUES(202,'Chicken: Drumstick',17,NULL,'2014-03-28 15:55:20.551391','2014-03-28 15:55:20.551391',NULL,NULL,NULL);
INSERT INTO "ingredients" VALUES(203,'Chicken: Breast, Skin-on, Bone-in',17,NULL,'2014-03-28 15:55:20.552340','2014-03-28 15:55:20.552340',NULL,NULL,NULL);
INSERT INTO "ingredients" VALUES(204,'Chicken: Breast, Skin-less, Fillet',17,5.18034188034188,'2014-03-28 15:55:20.553269','2014-04-02 04:15:04.600845',NULL,NULL,9);
INSERT INTO "ingredients" VALUES(205,'Chicken: 3-Joint Wing',17,1.86625,'2014-03-28 15:55:20.554208','2014-04-02 19:10:55.189768',NULL,NULL,9);
INSERT INTO "ingredients" VALUES(206,'Chicken: Wing Tip',17,NULL,'2014-03-28 15:55:20.555196','2014-03-28 15:55:20.555196',NULL,NULL,NULL);
INSERT INTO "ingredients" VALUES(207,'Chicken: Mid-Joint Wing',17,NULL,'2014-03-28 15:55:20.555918','2014-03-28 15:55:20.555918',NULL,NULL,NULL);
INSERT INTO "ingredients" VALUES(208,'Chicken: Forequarter',17,NULL,'2014-03-28 15:55:20.556863','2014-03-28 15:55:20.556863',NULL,NULL,NULL);
INSERT INTO "ingredients" VALUES(209,'Chicken: Thigh',17,NULL,'2014-03-28 15:55:20.557755','2014-03-28 15:55:20.557755',NULL,NULL,NULL);
INSERT INTO "ingredients" VALUES(210,'Chicken: Giblets',17,NULL,'2014-03-28 15:55:20.558650','2014-03-28 15:55:20.558650',NULL,NULL,NULL);
INSERT INTO "ingredients" VALUES(211,'Chicken: Neck',17,NULL,'2014-03-28 15:55:20.560074','2014-03-28 15:55:20.560074',NULL,NULL,NULL);
INSERT INTO "ingredients" VALUES(212,'Chicken: Gizzard',17,NULL,'2014-03-28 15:55:20.561102','2014-03-28 15:55:20.561102',NULL,NULL,NULL);
INSERT INTO "ingredients" VALUES(213,'Chicken: Kidney',17,NULL,'2014-03-28 15:55:20.562038','2014-03-28 15:55:20.562038',NULL,NULL,NULL);
INSERT INTO "ingredients" VALUES(214,'Chicken: Livers',17,NULL,'2014-03-28 15:55:20.562923','2014-03-28 15:55:20.562923',NULL,NULL,NULL);
INSERT INTO "ingredients" VALUES(215,'Chicken: Heart',17,NULL,'2014-03-28 15:55:20.563270','2014-03-28 15:55:20.563270',NULL,NULL,NULL);
INSERT INTO "ingredients" VALUES(216,'Chicken: Demi Glaze',17,4.5575,'2014-03-28 15:55:20.564167','2014-04-02 19:10:55.192310',NULL,NULL,9);
INSERT INTO "ingredients" VALUES(217,'Whole Turkey',17,NULL,'2014-03-28 15:55:20.565073','2014-03-28 15:55:20.565073',NULL,NULL,NULL);
INSERT INTO "ingredients" VALUES(218,'Turkey: Giblets',17,NULL,'2014-03-28 15:55:20.566037','2014-03-28 15:55:20.566037',NULL,NULL,NULL);
INSERT INTO "ingredients" VALUES(219,'Turkey: Legs',17,NULL,'2014-03-28 15:55:20.567614','2014-03-28 15:55:20.567614',NULL,NULL,NULL);
INSERT INTO "ingredients" VALUES(220,'Whole Duck',17,NULL,'2014-03-28 15:55:20.568711','2014-03-28 15:55:20.568711',NULL,NULL,NULL);
INSERT INTO "ingredients" VALUES(221,'Oyster',19,NULL,'2014-03-28 15:55:20.584576','2014-03-28 15:55:20.584576',NULL,NULL,NULL);
INSERT INTO "ingredients" VALUES(222,'Oyster: Blue Point',19,NULL,'2014-03-28 15:55:20.585548','2014-03-28 15:55:20.585548',NULL,NULL,NULL);
INSERT INTO "ingredients" VALUES(223,'Oyster: Cape Spear',19,0.9749,'2014-03-28 15:55:20.586474','2014-04-02 04:11:31.742825',NULL,NULL,12);
INSERT INTO "ingredients" VALUES(224,'Oyster: Caraquet',19,0.8799,'2014-03-28 15:55:20.587339','2014-04-02 03:05:45.996745',NULL,NULL,NULL);
INSERT INTO "ingredients" VALUES(225,'Oyster: Cold Creek',19,0.983166666666667,'2014-03-28 15:55:20.588248','2014-04-02 04:11:31.751783',NULL,NULL,12);
INSERT INTO "ingredients" VALUES(226,'Oyster: Conway',19,0.7849,'2014-03-28 15:55:20.589167','2014-04-02 03:05:45.982936',NULL,NULL,NULL);
INSERT INTO "ingredients" VALUES(227,'Oyster: Connecticut',19,NULL,'2014-03-28 15:55:20.590066','2014-03-28 15:55:20.590066',NULL,NULL,NULL);
INSERT INTO "ingredients" VALUES(228,'Oyster: Deer Creek',19,NULL,'2014-03-28 15:55:20.590953','2014-03-28 15:55:20.590953',NULL,NULL,NULL);
INSERT INTO "ingredients" VALUES(229,'Oyster: East Beach Blonde',19,0.9876,'2014-03-28 15:55:20.591982','2014-04-02 04:00:28.690891',NULL,NULL,12);
INSERT INTO "ingredients" VALUES(230,'Oyster: Gigamoto',19,1.2598,'2014-03-28 15:55:20.592894','2014-04-02 03:05:45.989472',NULL,NULL,NULL);
INSERT INTO "ingredients" VALUES(231,'Oyster: Glacier Point',19,NULL,'2014-03-28 15:55:20.593789','2014-03-28 15:55:20.593789',NULL,NULL,NULL);
INSERT INTO "ingredients" VALUES(232,'Oyster: Katama Bay',19,0.9388,'2014-03-28 15:55:20.594683','2014-04-02 04:07:38.843533',NULL,NULL,12);
INSERT INTO "ingredients" VALUES(233,'Oyster: Kumamoto',19,1.24983333333333,'2014-03-28 15:55:20.595920','2014-04-02 04:11:31.748702',NULL,NULL,12);
INSERT INTO "ingredients" VALUES(234,'Oyster: Little Island',19,1.0199,'2014-03-28 15:55:20.596953','2014-04-02 04:11:31.747023',NULL,NULL,12);
INSERT INTO "ingredients" VALUES(235,'Oyster: Malpeque',19,NULL,'2014-03-28 15:55:20.597925','2014-03-28 15:55:20.597925',NULL,NULL,NULL);
INSERT INTO "ingredients" VALUES(236,'Oyster: Malspina',19,NULL,'2014-03-28 15:55:20.598897','2014-03-28 15:55:20.598897',NULL,NULL,NULL);
INSERT INTO "ingredients" VALUES(237,'Oyster: Matunuck',19,0.9399,'2014-03-28 15:55:20.599268','2014-04-02 03:05:45.993083',NULL,NULL,NULL);
INSERT INTO "ingredients" VALUES(238,'Oyster: Mayflower',19,NULL,'2014-03-28 15:55:20.600894','2014-03-28 15:55:20.600894',NULL,NULL,NULL);
INSERT INTO "ingredients" VALUES(239,'Oyster: Mirada',19,NULL,'2014-03-28 15:55:20.601830','2014-03-28 15:55:20.601830',NULL,NULL,NULL);
INSERT INTO "ingredients" VALUES(240,'Oyster: Miyagi',19,NULL,'2014-03-28 15:55:20.602663','2014-03-28 15:55:20.602663',NULL,NULL,NULL);
INSERT INTO "ingredients" VALUES(241,'Oyster: Ninigret Cup',19,NULL,'2014-03-28 15:55:20.604195','2014-03-28 15:55:20.604195',NULL,NULL,NULL);
INSERT INTO "ingredients" VALUES(242,'Oyster: Passion',19,NULL,'2014-03-28 15:55:20.605317','2014-03-28 15:55:20.605317',NULL,NULL,NULL);
INSERT INTO "ingredients" VALUES(243,'Oyster: Pemaquid',19,NULL,'2014-03-28 15:55:20.606404','2014-03-28 15:55:20.606404',NULL,NULL,NULL);
INSERT INTO "ingredients" VALUES(244,'Oyster: Pleasant Bay',19,NULL,'2014-03-28 15:55:20.607331','2014-03-28 15:55:20.607331',NULL,NULL,NULL);
INSERT INTO "ingredients" VALUES(245,'Oyster: Riptide',19,0.8999,'2014-03-28 15:55:20.608281','2014-04-02 04:11:31.753441',NULL,NULL,12);
INSERT INTO "ingredients" VALUES(246,'Oyster: Rocky Shore',19,NULL,'2014-03-28 15:55:20.609233','2014-03-28 15:55:20.609233',NULL,NULL,NULL);
INSERT INTO "ingredients" VALUES(247,'Oyster: Salish Sea',19,NULL,'2014-03-28 15:55:20.610324','2014-03-28 15:55:20.610324',NULL,NULL,NULL);
INSERT INTO "ingredients" VALUES(248,'Oyster: Salutation Cove',19,NULL,'2014-03-28 15:55:20.611307','2014-03-28 15:55:20.611307',NULL,NULL,NULL);
INSERT INTO "ingredients" VALUES(249,'Oyster: Sheepscott',19,NULL,'2014-03-28 15:55:20.612264','2014-03-28 15:55:20.612264',NULL,NULL,NULL);
INSERT INTO "ingredients" VALUES(250,'Oyster: Sister Point',19,NULL,'2014-03-28 15:55:20.613247','2014-03-28 15:55:20.613247',NULL,NULL,NULL);
INSERT INTO "ingredients" VALUES(251,'Oyster: St. Simone',19,0.8599,'2014-03-28 15:55:20.614208','2014-04-02 03:05:45.950575',NULL,NULL,NULL);
INSERT INTO "ingredients" VALUES(252,'Oyster: Standish Shore',19,NULL,'2014-03-28 15:55:20.615157','2014-03-28 15:55:20.615157',NULL,NULL,NULL);
INSERT INTO "ingredients" VALUES(253,'Oyster: Sun Hollow',19,NULL,'2014-03-28 15:55:20.615993','2014-03-28 15:55:20.615993',NULL,NULL,NULL);
INSERT INTO "ingredients" VALUES(254,'Oyster: Summerside',19,NULL,'2014-03-28 15:55:20.616978','2014-03-28 15:55:20.616978',NULL,NULL,NULL);
INSERT INTO "ingredients" VALUES(255,'Oyster: Tatamagouche',19,NULL,'2014-03-28 15:55:20.617919','2014-03-28 15:55:20.617919',NULL,NULL,NULL);
INSERT INTO "ingredients" VALUES(256,'Oyster: Thatch Island',19,NULL,'2014-03-28 15:55:20.618723','2014-03-28 15:55:20.618723',NULL,NULL,NULL);
INSERT INTO "ingredients" VALUES(257,'Oyster: Turtle Cove',19,NULL,'2014-03-28 15:55:20.620104','2014-03-28 15:55:20.620104',NULL,NULL,NULL);
INSERT INTO "ingredients" VALUES(258,'Oyster: Wallace Bay',19,NULL,'2014-03-28 15:55:20.621233','2014-03-28 15:55:20.621233',NULL,NULL,NULL);
INSERT INTO "ingredients" VALUES(259,'Oyster: Wellfleet',19,0.865,'2014-03-28 15:55:20.622224','2014-04-02 04:07:38.846664',NULL,NULL,12);
INSERT INTO "ingredients" VALUES(260,'Fish: Wahoo (Ono)',20,10.9904761904762,'2014-03-28 15:55:20.626215','2014-04-02 04:00:28.701004',NULL,NULL,9);
INSERT INTO "ingredients" VALUES(261,'Fish: Amberjack',20,NULL,'2014-03-28 15:55:20.627771','2014-03-28 15:55:20.627771',NULL,NULL,NULL);
INSERT INTO "ingredients" VALUES(262,'Fish: Tuna, Yellowfin',20,15.4909090909091,'2014-03-28 15:55:20.628984','2014-04-02 04:11:31.759349',NULL,NULL,9);
INSERT INTO "ingredients" VALUES(263,'Fish: Corvina Fillet',20,NULL,'2014-03-28 15:55:20.630071','2014-03-28 15:55:20.630071',NULL,NULL,NULL);
INSERT INTO "ingredients" VALUES(264,'Fish: Grouper, Red Fillet',20,NULL,'2014-03-28 15:55:20.631009','2014-03-28 15:55:20.631009',NULL,NULL,NULL);
INSERT INTO "ingredients" VALUES(265,'Fish: Grouper, Black Fillet',20,NULL,'2014-03-28 15:55:20.631883','2014-03-28 15:55:20.631883',NULL,NULL,NULL);
INSERT INTO "ingredients" VALUES(266,'Fish: Salmon, Sockeye Fillet',20,13.9898452611219,'2014-03-28 15:55:20.632804','2014-04-02 04:11:31.760960',NULL,NULL,9);
INSERT INTO "ingredients" VALUES(267,'Fish: Salmon, King Fillet',20,NULL,'2014-03-28 15:55:20.633715','2014-03-28 15:55:20.633715',NULL,NULL,NULL);
INSERT INTO "ingredients" VALUES(268,'Fish: Salmon, Coho  Fillet',20,NULL,'2014-03-28 15:55:20.634614','2014-03-28 15:55:20.634614',NULL,NULL,NULL);
INSERT INTO "ingredients" VALUES(269,'Fish: Artic Char, Fillet',20,NULL,'2014-03-28 15:55:20.635692','2014-03-28 15:55:20.635692',NULL,NULL,NULL);
INSERT INTO "ingredients" VALUES(270,'Fish: Trout, Ocean, Fillet',20,NULL,'2014-03-28 15:55:20.636791','2014-03-28 15:55:20.636791',NULL,NULL,NULL);
INSERT INTO "ingredients" VALUES(271,'Fish: Blue Marlin (Kajiki) Loin',20,NULL,'2014-03-28 15:55:20.637834','2014-03-28 15:55:20.637834',NULL,NULL,NULL);
INSERT INTO "ingredients" VALUES(272,'Fish: Mahi Mahi Fillet',20,NULL,'2014-03-28 15:55:20.638619','2014-03-28 15:55:20.638619',NULL,NULL,NULL);
INSERT INTO "ingredients" VALUES(273,'Fish: Sea Bass Fillet',20,NULL,'2014-03-28 15:55:20.639587','2014-03-28 15:55:20.639587',NULL,NULL,NULL);
INSERT INTO "ingredients" VALUES(274,'Fish: Barramundi Fillet',20,NULL,'2014-03-28 15:55:20.640493','2014-03-28 15:55:20.640493',NULL,NULL,NULL);
INSERT INTO "ingredients" VALUES(275,'Fish: Swordfish Loin, Boneless',20,NULL,'2014-03-28 15:55:20.641390','2014-03-28 15:55:20.641390',NULL,NULL,NULL);
INSERT INTO "ingredients" VALUES(276,'Fish: Sturgeon Fillet',20,NULL,'2014-03-28 15:55:20.642307','2014-03-28 15:55:20.642307',NULL,NULL,NULL);
INSERT INTO "ingredients" VALUES(277,'Fish: Sablefish (Black Cod) Fillet',20,NULL,'2014-03-28 15:55:20.643419','2014-03-28 15:55:20.643419',NULL,NULL,NULL);
INSERT INTO "ingredients" VALUES(278,'Fish: Whitefish Fillet',20,NULL,'2014-03-28 15:55:20.644450','2014-03-28 15:55:20.644450',NULL,NULL,NULL);
INSERT INTO "ingredients" VALUES(279,'Fish: Perch, Lake',20,8.809,'2014-03-28 15:55:20.646129','2014-04-03 03:48:49.029814',NULL,NULL,9);
INSERT INTO "ingredients" VALUES(280,'Fish: Perch, Ocean',20,NULL,'2014-03-28 15:55:20.647021','2014-03-28 15:55:20.647021',NULL,NULL,NULL);
INSERT INTO "ingredients" VALUES(281,'Lobster, Whole',18,NULL,'2014-03-28 15:55:20.648119','2014-03-28 15:55:20.648119',NULL,NULL,NULL);
INSERT INTO "ingredients" VALUES(282,'Lobster, Tail',18,17.656,'2014-03-28 15:55:20.649083','2014-04-03 03:48:49.027142',NULL,NULL,9);
INSERT INTO "ingredients" VALUES(283,'Shrimp, Jumbo',18,8.406,'2014-03-28 15:55:20.650043','2014-04-03 03:48:49.035547',NULL,NULL,9);
INSERT INTO "ingredients" VALUES(284,'Mussel, Fresh',18,2.69,'2014-03-28 15:55:20.650601','2014-04-02 03:33:05.232691',NULL,NULL,9);
INSERT INTO "ingredients" VALUES(285,'Scallops U-12, Fresh',18,15.99,'2014-03-28 15:55:20.651595','2014-04-02 04:11:31.757780',NULL,NULL,9);
INSERT INTO "ingredients" VALUES(286,'Crab, Fresh, Opilio',18,6.99,'2014-03-28 15:55:20.652551','2014-04-02 04:07:38.822823',NULL,NULL,9);
INSERT INTO "ingredients" VALUES(287,'Crab, Fresh, King',18,NULL,'2014-03-28 15:55:20.653503','2014-03-28 15:55:20.653503',NULL,NULL,NULL);
INSERT INTO "ingredients" VALUES(288,'Crab, Fresh, Dungeness',18,9.99,'2014-03-28 15:55:20.654456','2014-04-02 04:07:38.825926',NULL,NULL,9);
INSERT INTO "ingredients" VALUES(289,'Crab, Fresh, Soft Shell',18,NULL,'2014-03-28 15:55:20.655978','2014-03-28 15:55:20.655978',NULL,NULL,NULL);
INSERT INTO "ingredients" VALUES(290,'Fish: Halibut Cheeks',18,16.2398843930636,'2014-03-28 15:55:20.657074','2014-04-02 04:07:38.831137',NULL,NULL,9);
INSERT INTO "ingredients" VALUES(291,'Puree, Frozen, Peach',21,NULL,'2014-03-28 15:55:20.660585','2014-03-28 15:55:20.660585',NULL,NULL,NULL);
INSERT INTO "ingredients" VALUES(292,'Juice, Frozen, Tart Cherry',21,NULL,'2014-03-28 15:55:20.661564','2014-03-28 15:55:20.661564',NULL,NULL,NULL);
INSERT INTO "ingredients" VALUES(293,'French Baguette, Frozen',21,NULL,'2014-03-28 15:55:20.662513','2014-03-28 15:55:20.662513',NULL,NULL,NULL);
INSERT INTO "ingredients" VALUES(294,'Mussel, Frozen',21,NULL,'2014-03-28 15:55:20.663235','2014-03-28 15:55:20.663235',NULL,NULL,NULL);
INSERT INTO "ingredients" VALUES(295,'Tortilla, Frozen, Corn',21,NULL,'2014-03-28 15:55:20.663807','2014-03-28 15:55:20.663807',NULL,NULL,NULL);
INSERT INTO "ingredients" VALUES(296,'Tortilla, Frozen, Flour',21,NULL,'2014-03-28 15:55:20.664769','2014-03-28 15:55:20.664769',NULL,NULL,NULL);
INSERT INTO "ingredients" VALUES(297,'Juice, Canned, Vegetable',23,NULL,'2014-03-28 15:55:20.806082','2014-03-28 15:55:20.806082',NULL,NULL,NULL);
INSERT INTO "ingredients" VALUES(298,'Juice, Canned, Pinapple',23,NULL,'2014-03-28 15:55:20.807301','2014-03-28 15:55:20.807301',NULL,NULL,NULL);
INSERT INTO "ingredients" VALUES(299,'Milk, Condensed, Sweetened',23,NULL,'2014-03-28 15:55:20.808534','2014-03-28 15:55:20.808534',NULL,NULL,NULL);
INSERT INTO "ingredients" VALUES(300,'Milk, Condensed, Unsweetened',23,NULL,'2014-03-28 15:55:20.809483','2014-03-28 15:55:20.809483',NULL,NULL,NULL);
INSERT INTO "ingredients" VALUES(301,'Olives, Green',23,NULL,'2014-03-28 15:55:20.810980','2014-03-28 15:55:20.810980',NULL,NULL,NULL);
INSERT INTO "ingredients" VALUES(302,'Olives, Green, w/ pimento',23,0.192125,'2014-03-28 15:55:20.812182','2014-04-02 04:13:24.748750',NULL,NULL,10);
INSERT INTO "ingredients" VALUES(303,'Olives, Kalamata',23,0.01084,'2014-03-28 15:55:20.813359','2014-04-02 04:15:04.668286',NULL,NULL,11);
INSERT INTO "ingredients" VALUES(304,'Tomato, Canned, Crushed',23,0.4425,'2014-03-28 15:55:20.814244','2014-04-02 03:34:45.546126',NULL,NULL,9);
INSERT INTO "ingredients" VALUES(305,'Tomato, Canned, Diced',23,NULL,'2014-03-28 15:55:20.815236','2014-03-28 15:55:20.815236',NULL,NULL,NULL);
INSERT INTO "ingredients" VALUES(306,'Pickle, Cornichon',23,NULL,'2014-03-28 15:55:20.816393','2014-03-28 15:55:20.816393',NULL,NULL,NULL);
INSERT INTO "ingredients" VALUES(307,'Sugar',24,NULL,'2014-03-28 15:55:20.820708','2014-03-28 15:55:20.820708',NULL,NULL,NULL);
INSERT INTO "ingredients" VALUES(308,'Sugar, Granulated',24,1.0252,'2014-03-28 15:55:20.821730','2014-04-02 03:34:45.548819',NULL,NULL,9);
INSERT INTO "ingredients" VALUES(309,'Sugar, Brown Turbinado',24,NULL,'2014-03-28 15:55:20.822723','2014-03-28 15:55:20.822723',NULL,NULL,NULL);
INSERT INTO "ingredients" VALUES(310,'Salt',24,NULL,'2014-03-28 15:55:20.824078','2014-03-28 15:55:20.824078',NULL,NULL,NULL);
INSERT INTO "ingredients" VALUES(311,'Salt, Iodized',24,NULL,'2014-03-28 15:55:20.825224','2014-03-28 15:55:20.825224',NULL,NULL,NULL);
INSERT INTO "ingredients" VALUES(312,'Salt, Sea',24,NULL,'2014-03-28 15:55:20.826175','2014-03-28 15:55:20.826175',NULL,NULL,NULL);
INSERT INTO "ingredients" VALUES(313,'Salt, Kosher',24,0.552777777777778,'2014-03-28 15:55:20.827304','2014-04-03 03:48:49.046714',NULL,NULL,9);
INSERT INTO "ingredients" VALUES(314,'Salt, Seasoned',24,NULL,'2014-03-28 15:55:20.828844','2014-03-28 15:55:20.828844',NULL,NULL,NULL);
INSERT INTO "ingredients" VALUES(315,'Salt, Celery',24,0.296666666666667,'2014-03-28 15:55:20.830774','2014-04-02 19:10:55.203784',NULL,NULL,5);
INSERT INTO "ingredients" VALUES(316,'Salt, Fleur de Sel',24,NULL,'2014-03-28 15:55:20.832042','2014-03-28 15:55:20.832042',NULL,NULL,NULL);
INSERT INTO "ingredients" VALUES(317,'Pepper (spice)',24,NULL,'2014-03-28 15:55:20.833352','2014-03-28 15:55:20.833352',NULL,NULL,NULL);
INSERT INTO "ingredients" VALUES(318,'Pepper, Black',24,0.435,'2014-03-28 15:55:20.834547','2014-04-02 04:15:04.670997',NULL,NULL,5);
INSERT INTO "ingredients" VALUES(319,'Pepper, White',24,NULL,'2014-03-28 15:55:20.835410','2014-03-28 15:55:20.835410',NULL,NULL,NULL);
INSERT INTO "ingredients" VALUES(320,'Honey',25,3.36,'2014-03-28 15:55:20.840539','2014-04-02 19:10:55.197348',NULL,NULL,9);
INSERT INTO "ingredients" VALUES(321,'Vinegar, White Distilled',25,2.44833333333333,'2014-03-28 15:55:20.841702','2014-03-31 14:52:59.362411',NULL,NULL,NULL);
INSERT INTO "ingredients" VALUES(322,'Vinegar, Red Wine',25,NULL,'2014-03-28 15:55:20.842648','2014-03-28 15:55:20.842648',NULL,NULL,NULL);
INSERT INTO "ingredients" VALUES(323,'Vinegar, Rice Wine',25,8.34666666666667,'2014-03-28 15:55:20.843370','2014-04-02 03:34:45.554003',NULL,NULL,1);
INSERT INTO "ingredients" VALUES(324,'Vinegar, Rice Seasoned',25,NULL,'2014-03-28 15:55:20.844386','2014-03-28 15:55:20.844386',NULL,NULL,NULL);
INSERT INTO "ingredients" VALUES(325,'Vinegar, Champagne',25,NULL,'2014-03-28 15:55:20.845805','2014-03-28 15:55:20.845805',NULL,NULL,NULL);
INSERT INTO "ingredients" VALUES(326,'Vinegar, Balsamic',25,NULL,'2014-03-28 15:55:20.846636','2014-03-28 15:55:20.846636',NULL,NULL,NULL);
INSERT INTO "ingredients" VALUES(327,'Wine, White',25,NULL,'2014-03-28 15:55:20.847620','2014-03-28 15:55:20.847620',NULL,NULL,NULL);
INSERT INTO "ingredients" VALUES(328,'Wine, Red',25,NULL,'2014-03-28 15:55:20.848546','2014-03-28 15:55:20.848546',NULL,NULL,NULL);
INSERT INTO "ingredients" VALUES(329,'Olive Oil, Extra Virgin',25,NULL,'2014-03-28 15:55:20.849472','2014-03-28 15:55:20.849472',NULL,NULL,NULL);
INSERT INTO "ingredients" VALUES(330,'Salad Oil, Canola',25,10.75,'2014-03-28 15:55:20.850409','2014-04-03 03:48:49.040945',NULL,NULL,1);
INSERT INTO "ingredients" VALUES(331,'Corn Syrup',25,13.01,'2014-03-28 15:55:20.851630','2014-04-02 03:14:50.681177',NULL,NULL,1);
INSERT INTO "ingredients" VALUES(332,'Worcestershire Sauce',25,11.53,'2014-03-28 15:55:20.852690','2014-04-02 04:16:32.716409',NULL,NULL,1);
INSERT INTO "ingredients" VALUES(333,'Soy Sauce',25,NULL,'2014-03-28 15:55:20.853900','2014-03-28 15:55:20.853900',NULL,NULL,NULL);
INSERT INTO "ingredients" VALUES(334,'Ketchup',25,6.23333333333333,'2014-03-28 15:55:20.854870','2014-04-03 03:48:49.038281',NULL,NULL,1);
INSERT INTO "ingredients" VALUES(335,'Mustard, Yellow',25,4.26,'2014-03-28 15:55:20.856350','2014-04-02 04:13:24.745604',NULL,NULL,1);
INSERT INTO "ingredients" VALUES(336,'Mustard, Dijon',25,1.77272727272727,'2014-03-28 15:55:20.857519','2014-04-02 04:15:04.673560',NULL,NULL,9);
INSERT INTO "ingredients" VALUES(337,'Relish',25,11.7,'2014-03-28 15:55:20.858644','2014-04-03 03:48:49.043728',NULL,NULL,1);
INSERT INTO "ingredients" VALUES(338,'Horseradish Sauce',25,0.240625,'2014-03-28 15:55:20.859685','2014-04-02 19:10:55.199586',NULL,NULL,5);
INSERT INTO "ingredients" VALUES(339,'Shortening',25,0.824857142857143,'2014-03-28 15:55:20.860722','2014-04-03 03:48:49.049510',NULL,NULL,9);
INSERT INTO "ingredients" VALUES(340,'Amaranth',27,NULL,'2014-03-28 15:55:20.869749','2014-03-28 15:55:20.869749',NULL,NULL,NULL);
INSERT INTO "ingredients" VALUES(341,'Barley',27,NULL,'2014-03-28 15:55:20.870451','2014-03-28 15:55:20.870451',NULL,NULL,NULL);
INSERT INTO "ingredients" VALUES(342,'Rice, Brown',27,NULL,'2014-03-28 15:55:20.871516','2014-03-28 15:55:20.871516',NULL,NULL,NULL);
INSERT INTO "ingredients" VALUES(343,'Rice, Refined',27,NULL,'2014-03-28 15:55:20.872692','2014-03-28 15:55:20.872692',NULL,NULL,NULL);
INSERT INTO "ingredients" VALUES(344,'Rice, White',27,NULL,'2014-03-28 15:55:20.873726','2014-03-28 15:55:20.873726',NULL,NULL,NULL);
INSERT INTO "ingredients" VALUES(345,'Rice, Wild',27,NULL,'2014-03-28 15:55:20.874821','2014-03-28 15:55:20.874821',NULL,NULL,NULL);
INSERT INTO "ingredients" VALUES(346,'Rice, Jasmine',27,NULL,'2014-03-28 15:55:20.875835','2014-03-28 15:55:20.875835',NULL,NULL,NULL);
INSERT INTO "ingredients" VALUES(347,'Rice, Basmati',27,NULL,'2014-03-28 15:55:20.876983','2014-03-28 15:55:20.876983',NULL,NULL,NULL);
INSERT INTO "ingredients" VALUES(348,'Buckwheat',27,NULL,'2014-03-28 15:55:20.878149','2014-03-28 15:55:20.878149',NULL,NULL,NULL);
INSERT INTO "ingredients" VALUES(349,'Bulgur(Cracked Wheat)',27,NULL,'2014-03-28 15:55:20.879265','2014-03-28 15:55:20.879265',NULL,NULL,NULL);
INSERT INTO "ingredients" VALUES(350,'Farro',27,NULL,'2014-03-28 15:55:20.880501','2014-03-28 15:55:20.880501',NULL,NULL,NULL);
INSERT INTO "ingredients" VALUES(351,'Flaxseed',27,3.696,'2014-03-28 15:55:20.881631','2014-04-03 03:22:08.173114',NULL,NULL,9);
INSERT INTO "ingredients" VALUES(352,'Grano',27,NULL,'2014-03-28 15:55:20.882675','2014-03-28 15:55:20.882675',NULL,NULL,NULL);
INSERT INTO "ingredients" VALUES(353,'Oats',27,0.0864285714285714,'2014-03-28 15:55:20.883515','2014-04-02 04:15:04.665376',NULL,NULL,5);
INSERT INTO "ingredients" VALUES(354,'Popcorn',27,NULL,'2014-03-28 15:55:20.884678','2014-03-28 15:55:20.884678',NULL,NULL,NULL);
INSERT INTO "ingredients" VALUES(355,'Couscous',28,NULL,'2014-03-28 15:55:20.887438','2014-03-28 15:55:20.887438',NULL,NULL,NULL);
INSERT INTO "ingredients" VALUES(356,'Qunioa',28,NULL,'2014-03-28 15:55:20.888429','2014-03-28 15:55:20.888429',NULL,NULL,NULL);
INSERT INTO "ingredients" VALUES(357,'Grits',28,NULL,'2014-03-28 15:55:20.889367','2014-03-28 15:55:20.889367',NULL,NULL,NULL);
INSERT INTO "ingredients" VALUES(358,'Noodles',28,NULL,'2014-03-28 15:55:20.890195','2014-03-28 15:55:20.890195',NULL,NULL,NULL);
INSERT INTO "ingredients" VALUES(359,'Flour',22,NULL,'2014-03-28 15:55:20.891873','2014-03-28 15:55:20.891873',NULL,NULL,NULL);
INSERT INTO "ingredients" VALUES(360,'Flour, Semolina',22,NULL,'2014-03-28 15:55:20.893018','2014-03-28 15:55:20.893018',NULL,NULL,NULL);
INSERT INTO "ingredients" VALUES(361,'Flour, All-purpose',22,0.3854,'2014-03-28 15:55:20.894050','2014-04-02 03:34:45.543880',NULL,NULL,9);
INSERT INTO "ingredients" VALUES(362,'Flour, Hi-gluten',22,NULL,'2014-03-28 15:55:20.895101','2014-03-28 15:55:20.895101',NULL,NULL,NULL);
INSERT INTO "ingredients" VALUES(363,'Yeast',22,NULL,'2014-03-28 15:55:20.896016','2014-03-28 15:55:20.896016',NULL,NULL,NULL);
INSERT INTO "ingredients" VALUES(364,'Baking Soda',22,NULL,'2014-03-28 15:55:20.896975','2014-03-28 15:55:20.896975',NULL,NULL,NULL);
INSERT INTO "ingredients" VALUES(365,'Baking Powder',22,NULL,'2014-03-28 15:55:20.897941','2014-03-28 15:55:20.897941',NULL,NULL,NULL);
INSERT INTO "ingredients" VALUES(366,'Cocoa Powder, Baking',22,NULL,'2014-03-28 15:55:20.898793','2014-03-28 15:55:20.898793',NULL,NULL,NULL);
INSERT INTO "ingredients" VALUES(367,'Vanilla, Extract',22,NULL,'2014-03-28 15:55:20.900236','2014-03-28 15:55:20.900236',NULL,NULL,NULL);
INSERT INTO "ingredients" VALUES(368,'Vanilla, Bean',22,NULL,'2014-03-28 15:55:20.901249','2014-03-28 15:55:20.901249',NULL,NULL,NULL);
INSERT INTO "ingredients" VALUES(369,'Pan Coating Release',22,NULL,'2014-03-28 15:55:20.902257','2014-03-28 15:55:20.902257',NULL,NULL,NULL);
INSERT INTO "ingredients" VALUES(370,'Breadcrumb',22,NULL,'2014-03-28 15:55:20.903653','2014-03-28 15:55:20.903653',NULL,NULL,NULL);
INSERT INTO "ingredients" VALUES(371,'Chocolate, Dark, Bittersweet',22,NULL,'2014-03-28 15:55:20.904901','2014-03-28 15:55:20.904901',NULL,NULL,NULL);
INSERT INTO "ingredients" VALUES(372,'Hot Sauce',22,NULL,'2014-03-28 15:55:20.906046','2014-03-28 15:55:20.906046',NULL,NULL,NULL);
INSERT INTO "ingredients" VALUES(373,'Spring Mix',10,3.3,'2014-04-01 13:46:17.677906','2014-04-02 03:14:50.671141',NULL,0,9);
INSERT INTO "ingredients" VALUES(374,'Anchovy',NULL,0.603076923076923,'2014-04-01 14:04:18.271952','2014-04-01 14:04:53.766379',NULL,NULL,NULL);
INSERT INTO "ingredients" VALUES(375,'Horseradish root',NULL,3.96,'2014-04-01 14:35:54.058784','2014-04-02 04:15:04.626571',NULL,NULL,9);
INSERT INTO "ingredients" VALUES(376,'Pistachios',NULL,18.22,'2014-04-01 17:59:33.799672','2014-04-02 04:15:04.676179',NULL,NULL,9);
INSERT INTO "ingredients" VALUES(377,'Capers',NULL,0.2325,'2014-04-01 17:59:51.263644','2014-04-02 04:15:04.679695',NULL,NULL,5);
INSERT INTO "ingredients" VALUES(378,'Almonds, Whole',NULL,NULL,'2014-04-01 17:59:57.207677','2014-04-01 17:59:57.207677',NULL,NULL,NULL);
INSERT INTO "ingredients" VALUES(379,'Almonds, Slivered',NULL,6.16,'2014-04-01 18:00:07.231685','2014-04-02 04:15:04.684046',NULL,NULL,9);
INSERT INTO "ingredients" VALUES(380,'Onion, Yellow',NULL,0.39,'2014-04-01 18:55:38.169039','2014-04-02 03:14:50.659230',NULL,NULL,9);
INSERT INTO "ingredients" VALUES(381,'Onion, Red',NULL,NULL,'2014-04-01 18:56:02.017002','2014-04-01 18:56:02.017002',NULL,NULL,NULL);
INSERT INTO "ingredients" VALUES(382,'Old Bay Seasoning',NULL,0.47875,'2014-04-01 19:01:06.345187','2014-04-02 03:14:50.685724',NULL,NULL,5);
INSERT INTO "ingredients" VALUES(383,'Bean, Green',NULL,3.99,'2014-04-01 19:03:04.665205','2014-04-01 19:03:58.656541',NULL,NULL,NULL);
INSERT INTO "ingredients" VALUES(384,'Spinach, Baby',NULL,4.2,'2014-04-01 19:07:32.201281','2014-04-01 19:09:31.333862',NULL,NULL,NULL);
INSERT INTO "ingredients" VALUES(385,'Dill Seed, Whole',NULL,0.3975,'2014-04-01 19:08:42.553298','2014-04-01 19:09:31.337519',NULL,NULL,NULL);
INSERT INTO "ingredients" VALUES(386,'Beet, Baby Red',NULL,4.14,'2014-04-01 19:16:39.297506','2014-04-02 04:13:24.742545',NULL,NULL,9);
INSERT INTO "ingredients" VALUES(387,'Cashew, Large Pieces',NULL,7.738,'2014-04-01 19:17:54.081504','2014-04-02 04:13:24.744092',NULL,NULL,9);
INSERT INTO "ingredients" VALUES(388,'Hot Sauce: Franks',22,14.96,'2014-04-01 19:20:27.138441','2014-04-02 04:13:24.747143',NULL,NULL,1);
INSERT INTO "ingredients" VALUES(389,'Hot Sauce: Tabasco',22,NULL,'2014-04-01 19:20:27.140210','2014-04-01 19:20:27.140210',NULL,NULL,NULL);
INSERT INTO "ingredients" VALUES(390,'Hot Sauce: Tabasco, Green',22,NULL,'2014-04-01 19:20:27.141351','2014-04-01 19:20:27.141351',NULL,NULL,NULL);
INSERT INTO "ingredients" VALUES(391,'Hot Sauce: Tabasco, Chipotle',22,NULL,'2014-04-01 19:20:27.142367','2014-04-01 19:20:27.142367',NULL,NULL,NULL);
INSERT INTO "ingredients" VALUES(392,'Hot Sauce: Cholula',22,NULL,'2014-04-01 19:20:27.143443','2014-04-01 19:20:27.143443',NULL,NULL,NULL);
INSERT INTO "ingredients" VALUES(393,'Latex Gloves',NULL,0.05686,'2014-04-03 03:36:14.150491','2014-04-03 03:48:49.052252',NULL,NULL,12);
INSERT INTO "ingredients" VALUES(394,'Cabbage, Green, Whole',NULL,NULL,'2014-04-03 03:37:58.318290','2014-04-03 03:37:58.318290',NULL,NULL,NULL);
INSERT INTO "ingredients" VALUES(395,'Cabbage, Green, Shredded',NULL,0.893,'2014-04-03 03:38:15.741907','2014-04-03 03:48:49.057891',NULL,NULL,9);
INSERT INTO "ingredients" VALUES(396,'Cabbage, Red, Whole',NULL,NULL,'2014-04-03 03:38:21.005695','2014-04-03 03:38:21.005695',NULL,NULL,NULL);
INSERT INTO "ingredients" VALUES(397,'Cabbage, Red, Shredded',NULL,NULL,'2014-04-03 03:38:26.413862','2014-04-03 03:38:26.413862',NULL,NULL,NULL);
INSERT INTO "ingredients" VALUES(398,'Garlic, Whole',NULL,3.372,'2014-04-03 03:39:25.637793','2014-04-03 03:48:49.060580',NULL,NULL,9);
INSERT INTO "ingredients" VALUES(399,'Garlic, Peeled, In Water',NULL,NULL,'2014-04-03 03:39:34.509828','2014-04-03 03:39:34.509828',NULL,NULL,NULL);
INSERT INTO "ingredients" VALUES(400,'Beef: Custom Grind',NULL,4.48993788819876,'2014-04-03 13:27:35.780451','2014-04-03 13:34:56.799323',NULL,NULL,9);
INSERT INTO "ingredients" VALUES(401,'Pork: Shoulder Roast/Boston Butt',NULL,4.03,'2014-04-03 13:27:57.428268','2014-04-03 13:33:47.539600',NULL,NULL,9);
INSERT INTO "ingredients" VALUES(402,'Pork: Ground',NULL,3.85,'2014-04-03 13:28:41.860260','2014-04-03 13:29:27.571959',NULL,NULL,9);
INSERT INTO "ingredients" VALUES(403,'Pork: Breakfast Links',NULL,5.58997912317328,'2014-04-03 13:30:02.972240','2014-04-03 13:30:48.365447',NULL,NULL,9);
INSERT INTO "ingredients" VALUES(404,'Lamb: Frenched Rack',NULL,24,'2014-04-03 13:35:25.668641','2014-04-03 13:36:00.291959',NULL,NULL,9);
CREATE TABLE "recipe_ingredients" ("id" INTEGER PRIMARY KEY AUTOINCREMENT NOT NULL, "recipe_id" integer, "created_at" datetime, "updated_at" datetime, "quantity" decimal, "ingredient_id" integer, "measure_id" integer);
INSERT INTO "recipe_ingredients" VALUES(1,1,'2014-03-29 17:57:52.389639','2014-04-03 00:56:36.062947',0.5,2,10);
INSERT INTO "recipe_ingredients" VALUES(3,1,'2014-03-29 18:02:11.918861','2014-04-03 00:56:36.065691',1,115,10);
CREATE TABLE "recipes" ("id" INTEGER PRIMARY KEY AUTOINCREMENT NOT NULL, "title" varchar(255), "created_at" datetime, "updated_at" datetime, "parent_id" integer, "serving_quantity" decimal, "serving_size" decimal, "serving_measure_id" decimal);
INSERT INTO "recipes" VALUES(1,'Burger','2014-03-29 16:00:48.799547','2014-04-03 00:57:33.981799',NULL,NULL,NULL,NULL);
DELETE FROM sqlite_sequence;
INSERT INTO "sqlite_sequence" VALUES('vendors',9);
INSERT INTO "sqlite_sequence" VALUES('categories',29);
INSERT INTO "sqlite_sequence" VALUES('ingredients',404);
INSERT INTO "sqlite_sequence" VALUES('measures',12);
INSERT INTO "sqlite_sequence" VALUES('conversions',21);
INSERT INTO "sqlite_sequence" VALUES('invoices',40);
INSERT INTO "sqlite_sequence" VALUES('invoice_ingredients',252);
INSERT INTO "sqlite_sequence" VALUES('recipe_ingredients',3);
INSERT INTO "sqlite_sequence" VALUES('recipes',1);
CREATE UNIQUE INDEX "unique_schema_migrations" ON "schema_migrations" ("version");
COMMIT;
